address_id,street,city,country,zip_code,customer_id
1,0247 Samantha Forest,Lake George,Antigua and Barbuda,91526,114
2,44125 Vega Neck,Macdonaldville,Oman,49406,662
3,615 Travis Stravenue,Rachelstad,Saint Pierre and Miquelon,79398,873
4,47090 Cline Oval Apt. 374,West Lisa,San Marino,4105,681
5,27001 Tonya Junction,Davistown,Malawi,67665,355
6,03852 Whitaker Loop,Lake Maria,Poland,60344,959
7,1998 Weaver Square Apt. 858,West Markside,Thailand,7925,71
8,96219 Michael Walks,West Drewshire,Algeria,1883,663
9,5226 Melody Springs,North Richard,Suriname,39318,470
10,21168 Ellis Island,Wendyshire,Central African Republic,41566,490
11,96067 Kathryn Shores,West Toddmouth,Myanmar,97519,537
12,190 Stewart Coves,Port Maryview,Zimbabwe,72586,239
13,6090 Jacob Divide,North Angela,Mongolia,5254,108
14,5770 Tamara Station Apt. 591,Fieldsstad,Vanuatu,26201,371
15,80403 Barbara Mews,Allisonshire,Estonia,58414,623
16,31940 Timothy Groves Suite 276,Port Shannon,United Arab Emirates,84766,777
17,4172 Larry Road,South Victoria,Sierra Leone,30855,675
18,6932 Villegas Way,Michaelberg,United States Minor Outlying Islands,72689,479
19,849 Joanna Stream,West Whitneyland,Christmas Island,31418,280
20,7705 Maxwell Crescent,Vasquezland,Mozambique,4936,929
21,9807 Kimberly Isle Suite 582,Matthewfort,Poland,14004,805
22,89358 Campbell Knolls Apt. 310,Lake Bryan,Lithuania,50573,583
23,14993 Nicholas Springs,Thompsonstad,India,83449,352
24,2476 Jesse Pike Apt. 177,North Sharonview,Liberia,28996,289
25,06149 Riley Drive Suite 085,North Amanda,Somalia,51996,342
26,62810 Stanley Plains Suite 122,Port Ginaborough,Uzbekistan,60040,15
27,74020 Patricia Harbors Apt. 972,North Justinburgh,Austria,11760,879
28,0111 Earl Mills Apt. 399,North Morgan,Faroe Islands,83185,846
29,62069 Jackson Way,Vanessafurt,Albania,75847,978
30,6395 Michael Square Apt. 624,Port Donald,Spain,63971,856
31,839 Sarah Bypass,East Jenniferhaven,Malta,57386,45
32,76478 Carey Course Apt. 669,West Erin,United States Minor Outlying Islands,68897,119
33,4740 Pitts Street,Pamelaburgh,Cambodia,9061,165
34,3589 Hoover Mountains,West Ruben,Poland,67291,692
35,35827 Washington Wells,Port Annaburgh,Sweden,99022,419
36,33163 Stephens Causeway Apt. 543,Bensonbury,El Salvador,20646,490
37,45748 Moore Glen Suite 927,Kleinfurt,Micronesia,84619,827
38,2908 Brian Field Apt. 931,Baileyborough,Comoros,92803,554
39,58203 Brown Loop Apt. 345,West Blakeport,Bouvet Island (Bouvetoya),51294,257
40,5828 Cory Radial Apt. 461,Molinatown,Aruba,13522,211
41,60060 Timothy Lakes,Mariashire,Malta,83097,394
42,443 Doyle Parks Suite 665,Smithborough,British Indian Ocean Territory (Chagos Archipelago),82015,270
43,03483 Lewis Shores Suite 991,West Mary,San Marino,51466,213
44,191 Freeman Roads Suite 583,Charlesside,Holy See (Vatican City State),42521,100
45,99805 Moreno Drive Apt. 032,New Stacytown,Northern Mariana Islands,61455,368
46,550 Connor Dam,North Maria,Japan,24050,612
47,3912 Smith Field Suite 209,Smithtown,Sao Tome and Principe,3458,953
48,84662 Perry Landing,North Kathleenfort,Pitcairn Islands,69193,346
49,503 Mitchell Gardens Apt. 698,Perryton,Guam,11801,643
50,725 Adams Spring Apt. 919,Markland,Tajikistan,52077,224
51,025 Donaldson Lights,South Jesse,Kenya,32899,84
52,6462 Dale Isle,Karenburgh,Christmas Island,42011,390
53,52034 Logan Run,Cheyennehaven,Botswana,37527,527
54,97209 Carlson Mills Suite 366,West Emilyton,Brazil,97237,148
55,92399 Bennett Island,Lake Nicholastown,Sao Tome and Principe,49170,272
56,313 Ashley Wells,Christopherton,Somalia,55951,931
57,4963 Jeffery Valley,Lake Leslie,Kenya,33095,878
58,48232 Moore Springs,East Tammyland,Venezuela,74021,529
59,64068 Stewart Springs,New William,El Salvador,9816,139
60,3525 Hampton Creek,Port Timothy,Tuvalu,51698,356
61,141 Dennis Falls,South Kevin,Anguilla,57083,412
62,525 Martin Terrace Suite 430,New Matthewstad,Thailand,61890,884
63,18319 Jared Spur Apt. 167,Port Omar,Central African Republic,79359,523
64,91388 Courtney Rest Apt. 591,Guzmanberg,Christmas Island,78028,943
65,3816 Baker Place Suite 505,Port Christineland,Jordan,48644,882
66,850 Shannon Squares,Rhondaport,Romania,82205,314
67,09409 Lisa Brook,Roberthaven,Singapore,56448,549
68,23338 Walsh Cape,Autumnburgh,Belarus,70977,82
69,310 Howe Crossroad Suite 032,West Michael,Georgia,63993,304
70,1145 Cunningham Common Apt. 692,Williamsport,Finland,80014,742
71,616 James Trace,New Davidport,Bouvet Island (Bouvetoya),66533,605
72,5930 Bell Springs Apt. 944,Port Tinastad,Eritrea,62864,312
73,64410 Tracy Terrace,Katherinehaven,Liechtenstein,16069,756
74,165 Peter Walks,Johnland,New Caledonia,96869,140
75,8837 Wendy Village Suite 065,East Derekborough,Georgia,70750,674
76,867 Nelson Springs,Lake Valerieport,Burundi,98631,296
77,1715 Hernandez Summit Apt. 956,Port Steven,Cayman Islands,75862,421
78,7381 Erickson Hollow,Whitemouth,Uzbekistan,91351,936
79,0296 Rogers Bypass Suite 117,Lindseyport,Wallis and Futuna,17441,304
80,445 Collins Spring,East Ambershire,Madagascar,92623,696
81,099 Travis Run,Port Kelly,Qatar,41874,349
82,6889 Jones Parkways,Walkerhaven,Northern Mariana Islands,47400,466
83,3053 Johnny Track Suite 684,Alisonchester,Vanuatu,76527,818
84,16036 Riggs Extension,Melaniefurt,Montenegro,67159,856
85,2977 Shaw Prairie Apt. 539,Sierrashire,Cote d'Ivoire,53967,959
86,7423 Kylie Ferry,East Jeffreyshire,Korea,48415,655
87,62460 Sara Skyway,North Johnmouth,Swaziland,64353,344
88,472 Michael Center Suite 615,Josephberg,France,37457,736
89,9287 Michele Station,Anthonyshire,United States Minor Outlying Islands,20941,450
90,5912 Valentine Passage Apt. 192,Parkmouth,Malaysia,6683,458
91,14200 Baker Well,Theresaside,Gambia,98171,362
92,0673 John Divide,West Jenniferchester,Rwanda,90191,163
93,855 Brown Forge,Port Williamborough,Italy,88228,281
94,75162 Mendez Glen,North Jonathanshire,Eritrea,74063,591
95,288 Sylvia Well,Howardland,Serbia,98948,814
96,42425 Shannon Shore,Danieltown,Sweden,60774,184
97,850 Day Hollow Apt. 134,Rogerstown,Liechtenstein,83205,539
98,8966 Brown Lakes Apt. 994,Ronaldborough,Bosnia and Herzegovina,97304,613
99,42392 Roberts Mills,Parkershire,Lesotho,96946,849
100,259 Zachary Mill Apt. 347,Lake Leah,Nigeria,31096,321
101,332 Mason Isle Apt. 374,Lake Lisa,United States Minor Outlying Islands,33243,537
102,09419 Amanda Ports Suite 021,Natalieburgh,Moldova,80117,839
103,42610 Hansen Shoals,East Lori,Holy See (Vatican City State),30671,121
104,77378 Berry Station,Port Valerieton,Jamaica,17828,663
105,0550 Cruz Avenue,South Paul,Thailand,1507,711
106,82852 Angela Village Suite 544,North Shawn,Serbia,59012,890
107,64760 Rodriguez Club,South Andrea,United States Minor Outlying Islands,41457,206
108,7934 Robinson Trail Suite 553,Port Briana,Guinea-Bissau,60730,753
109,8271 Robertson Isle,South Carmenshire,Mexico,33875,811
110,47484 Harrison Green Suite 116,West Ronnie,Slovenia,17685,69
111,5212 Brown Divide Suite 786,Cynthiamouth,Pitcairn Islands,65957,732
112,08290 Herrera Road Suite 645,East Heathertown,Bahrain,32860,656
113,73029 Lynch Burg Suite 637,New Heatherfurt,Martinique,14045,260
114,0329 Powell Forge Suite 928,Lake Brianchester,Iceland,9662,978
115,55094 Ricky Spurs Apt. 140,Aliciahaven,Turkmenistan,20890,528
116,90512 Adams Spurs Apt. 301,North Daniel,Holy See (Vatican City State),66681,475
117,59837 Thornton Burg,Lake Taylor,Guam,44417,396
118,1241 Frederick Manors,North Tamara,Netherlands,14343,812
119,60636 Tamara Cove Apt. 788,North Christopherview,Puerto Rico,79503,636
120,75040 Carter Route Suite 925,Jodyburgh,Barbados,2406,174
121,514 Scott Trafficway Suite 705,Rhondaburgh,Zambia,21021,899
122,4822 Dickson Forge Suite 161,East Samantha,Burundi,3019,772
123,585 Sara Brook,Taylorside,Uzbekistan,78861,920
124,9203 Gibson Cliffs,Port Keith,Lesotho,79186,41
125,002 Dorsey Ramp Apt. 644,New Alice,Botswana,29277,368
126,56170 Deborah Rapids,Butlerfort,British Virgin Islands,16273,299
127,86177 Johnson Lakes,Dominiqueton,Mexico,88051,796
128,32925 Yolanda Junctions Apt. 040,New Rebekah,Congo,93987,608
129,489 Morales Lock,New Sara,Comoros,44562,514
130,23644 Paul Center Apt. 594,Chungchester,Netherlands,93304,29
131,9955 Cline Estate,Myerstown,Tuvalu,81241,291
132,89146 Harrington Mews Apt. 357,Codyville,United States Virgin Islands,8696,738
133,127 Jennifer Vista,Tiffanymouth,Ethiopia,99188,203
134,3340 Cervantes Mission,Grayport,Bouvet Island (Bouvetoya),86961,334
135,0282 Townsend Villages,North Michael,Kenya,55583,614
136,56107 Soto Harbor Suite 936,Teresaview,Bhutan,42853,903
137,4366 Ronald Shoals,East Tanyaberg,French Guiana,7121,799
138,57487 David Ramp,Pricebury,El Salvador,28374,30
139,29959 Jessica Isle,Simpsonville,Greece,46299,495
140,42798 Stephen Radial,Mitchellton,Bahamas,59689,530
141,23245 John Prairie Apt. 568,Harrisonmouth,Somalia,95343,722
142,852 Brandon Alley,Jamesstad,Wallis and Futuna,97102,666
143,896 Theresa Drives Suite 654,Hodgeside,Andorra,67117,681
144,4052 Horn Village Apt. 824,Amberland,Kyrgyz Republic,49280,393
145,928 Suzanne Underpass Suite 485,West Daniel,Korea,39650,956
146,745 Amanda Plaza,Jonesview,Kyrgyz Republic,61509,559
147,630 Dunn Circles Apt. 530,West Cynthiafurt,Cyprus,42649,168
148,21997 Donna Streets Apt. 058,Chenfurt,Palestinian Territory,18105,106
149,3776 Rick Point,Lake Ralph,Marshall Islands,47373,268
150,94844 Torres Neck,Coleborough,Guinea-Bissau,6941,969
151,25114 Martinez Dam Suite 917,Brendabury,Aruba,83342,798
152,6649 Michele Plains,East Vanessa,Pakistan,33088,206
153,067 Brian Plains,Noahton,Malaysia,82920,449
154,20850 Denise Ramp,Mariaberg,Liberia,43206,81
155,140 Khan Lodge Apt. 936,East Bryanview,Tuvalu,88720,357
156,94532 Kevin Well,Youngport,Chad,60298,274
157,87692 Erik Expressway,East John,Nigeria,6022,734
158,23994 Baxter Locks Suite 700,Gibsonfort,Martinique,70784,440
159,788 David Hill,Johnbury,India,64413,196
160,943 Reilly Squares Suite 702,North Margaret,Svalbard & Jan Mayen Islands,98913,51
161,2124 Patricia Stravenue,East John,Finland,74583,531
162,68058 Chan Lakes,New Joseph,Tunisia,92112,968
163,420 Shelton Ridges Apt. 736,Emilyville,Sao Tome and Principe,28369,972
164,93154 Waters Rapid Suite 370,New Robert,France,44545,168
165,5293 Cohen Forks Suite 802,Port Sarah,Congo,83364,714
166,0629 Rachel Passage,Marthaborough,Guernsey,75686,321
167,3885 Kyle Ridge,South Johnside,Costa Rica,22180,240
168,597 Smith Port Apt. 781,Ronaldberg,Barbados,5793,840
169,031 Morris Isle,Samuelton,Poland,72245,654
170,07753 Clark Springs Suite 099,Wilsonville,Djibouti,93860,659
171,7501 Costa Mission,Port Mark,Cook Islands,67760,805
172,14170 Johnson Fork Apt. 890,North Erica,Saint Martin,97925,920
173,81147 Alicia Fork Suite 032,South Troyburgh,Latvia,59625,1
174,7475 Charlotte Bypass Suite 387,East Natasha,Slovenia,85145,396
175,88172 Woods Dale,Lake Theresa,Djibouti,82810,423
176,68636 Mcclure Ridges Suite 034,North Amy,Palestinian Territory,99479,75
177,188 Lambert Causeway Apt. 664,West Williamburgh,Guatemala,45065,737
178,95303 Molina Cliff,Richardshire,El Salvador,25155,111
179,016 Zachary River Apt. 504,West Tonyport,Brunei Darussalam,18603,191
180,041 Susan Wall,Vegamouth,Armenia,53654,691
181,54499 Johnson Stream Apt. 612,New Shelby,Netherlands Antilles,31963,508
182,46005 Ashley Heights Apt. 495,Nelsonside,Singapore,24996,512
183,04372 Brian Village Apt. 272,East Philipland,Gabon,46395,34
184,4069 Krista Fields Suite 085,Howellchester,Iceland,82930,6
185,772 Brooke Squares,Jenkinsborough,Bhutan,69505,984
186,47458 Tyler Camp,Rodriguezside,Cambodia,86114,509
187,468 Connor Glens Suite 703,South Jeromechester,Lebanon,5323,157
188,8842 Courtney Burgs,Lake Susanview,Croatia,5235,67
189,06322 Zhang Crossing,South Manuelberg,Micronesia,38426,847
190,0690 Gabriel Circle,East Randall,Puerto Rico,84152,427
191,57116 Hall Brooks,Port Natasha,Pakistan,94173,477
192,848 Erin Valley Apt. 955,New Isaiahburgh,United States Minor Outlying Islands,7822,718
193,004 Brown Squares,South Josephview,Saint Barthelemy,8400,523
194,1360 Johnson Inlet,West Jacobfurt,Senegal,41674,542
195,14096 Nicholas Lodge Suite 912,Susanbury,Iceland,90857,348
196,5790 Mendoza Plain Apt. 081,New Javierburgh,Jamaica,95173,48
197,2183 William Lake,Port Timothy,Anguilla,76358,541
198,07507 Holmes Rapid,East Anitamouth,Sao Tome and Principe,97105,480
199,621 Jason Stream Apt. 507,Rileyberg,Seychelles,97858,681
200,75147 Wilson Wall,Mortonshire,Syrian Arab Republic,6534,572
201,145 Cannon Shores,Lake Terriburgh,Comoros,78177,539
202,7212 Lisa Village,South Debra,Luxembourg,69458,10
203,690 Michael Cape Suite 576,North Scott,Saudi Arabia,26871,701
204,230 Thomas Park Suite 126,West Stevenmouth,Libyan Arab Jamahiriya,94015,601
205,047 Matthew Light,Lake Johnland,Guyana,93970,785
206,3895 Durham Stream Apt. 943,Amyton,Somalia,9000,574
207,4854 Victor Squares Apt. 669,Lake Traceyfurt,Nigeria,50142,765
208,7184 Pamela Village Apt. 731,Lake Kim,Lesotho,27781,347
209,11659 Martinez Underpass,Lake Leslieview,Nepal,45092,873
210,92049 Drew Rapids Apt. 871,Lauramouth,Haiti,59596,413
211,5177 Sean Common Apt. 584,Mcgeeside,Cameroon,77851,336
212,711 Laura Plaza,Danielleburgh,Holy See (Vatican City State),88422,166
213,6709 Smith Stravenue Suite 110,Christopherchester,Grenada,33665,576
214,540 Brown Divide Suite 677,Tracyfurt,Norway,69999,570
215,27648 Mark Course,Murphyport,Kiribati,77763,673
216,587 Charles Plaza,New Jacobville,Philippines,67042,322
217,36994 Chris Ville,Roblesfort,Haiti,16997,292
218,235 Monica Coves Apt. 348,New Aliceburgh,Paraguay,54309,96
219,20959 Silva Dale Suite 958,North Gregoryburgh,Pitcairn Islands,91239,461
220,42061 Moore Drive Apt. 240,Port Jordanbury,Comoros,75467,603
221,352 Corey Island,Alvarezville,Martinique,45567,481
222,34644 Blanchard Mount,Joshuaton,Austria,29110,265
223,5994 Mckinney Expressway Apt. 684,Floydton,Puerto Rico,61579,376
224,411 Patty Court,West David,Latvia,60528,556
225,4545 Cathy Stream,Dakotashire,Bulgaria,32267,947
226,246 Mary Trafficway,North Jacquelinetown,Malawi,13092,392
227,6792 Antonio Forks Suite 741,Benderside,Cyprus,18126,330
228,1875 Jill Knoll,New Amandahaven,Guam,85318,145
229,0238 Kelsey Passage Apt. 161,Keithberg,Monaco,64952,408
230,8763 Johnston Hill Apt. 600,Hillbury,Indonesia,29403,31
231,615 Foster Oval Suite 683,South James,British Virgin Islands,37165,145
232,1458 Christensen Gateway,North Raven,Hungary,40837,352
233,284 Darlene Club,Jonathonshire,Cayman Islands,32578,389
234,47810 Destiny Forest Apt. 942,Lake Kathyfort,Czech Republic,54810,589
235,500 Lee Island,South Andres,Mexico,97325,308
236,435 Franklin Divide,Aprilport,Austria,85751,19
237,44650 Peter Lock,Lorimouth,Bahamas,99165,830
238,2077 Alexander Dale,Port Jenna,Chad,33922,575
239,88562 Smith Fields,Port Kathleentown,Eritrea,24780,177
240,8188 Roberts Oval,North Jacob,Kyrgyz Republic,9782,814
241,00294 Pamela Parkway Suite 670,Garciaport,Gambia,6485,758
242,29196 Smith Skyway,Michaelmouth,Guernsey,89052,642
243,893 Jessica Causeway,West Henry,Djibouti,51321,113
244,140 Judy Well,Amytown,Belgium,53772,640
245,7774 Smith Meadows,North Jonbury,French Guiana,54641,789
246,88620 Matthew Squares Apt. 093,Roybury,Nicaragua,34594,558
247,63016 Michelle Islands Apt. 858,Erichaven,Cayman Islands,32860,955
248,88227 Vang Tunnel Suite 630,Kingside,Finland,89276,643
249,4261 Thomas Brook Apt. 148,East William,Philippines,93957,238
250,6016 Mccormick Plains,Williamsside,Botswana,71802,214
251,08626 Pierce Point,Lake Markville,Portugal,68759,672
252,718 Mccoy Hollow,Garrisontown,Reunion,9104,778
253,549 Johnston Brooks,Robertston,Marshall Islands,31794,924
254,7694 Smith Mountains,Lake April,Gibraltar,54032,501
255,2267 Scott Mount,Jaredtown,Turkmenistan,4844,149
256,8003 Pamela Court Suite 202,North Danny,Venezuela,79056,720
257,16432 Perkins Spring,South Dawn,Peru,63616,670
258,01306 Lambert Plaza Apt. 956,Port Jasonborough,Australia,6869,518
259,79220 Brown Lane Suite 222,West Danaberg,Saint Kitts and Nevis,11705,115
260,1211 Albert Lights,Adrianburgh,Eritrea,21630,820
261,13946 Schultz Light Apt. 874,Tylerberg,Indonesia,88670,914
262,3390 Kristina Street Suite 435,Beverlybury,Saint Barthelemy,6740,88
263,6465 Jackson Knolls Apt. 130,Toddside,Guam,24023,698
264,83628 Peter Port,Jenniferton,Afghanistan,28276,410
265,180 Cunningham Parkways,North David,New Zealand,62359,874
266,0925 Rebecca Terrace,North Emilyfort,Bahamas,69017,847
267,8967 Harrison Key,Omarstad,Gabon,22654,507
268,858 Whitney Manor,East Paula,Marshall Islands,85616,868
269,123 Heath Village Suite 129,West Mark,Thailand,41222,424
270,4315 Debra Parks,Milesmouth,Mozambique,25362,238
271,63400 Stephens Points,Port Nicoleside,Belarus,40687,757
272,8658 Allen Hill Suite 969,Michaelview,Yemen,32787,640
273,879 Kim Unions,Doyletown,Chile,13849,446
274,18581 Sherman Ports,Wattshaven,Grenada,40790,974
275,168 Holland Keys,Port Frankborough,Ukraine,25658,239
276,462 Christopher Roads,Bankshaven,France,92544,284
277,9806 Katie Curve,East Julie,Sao Tome and Principe,77289,468
278,816 Soto Row Suite 630,Johnborough,Tanzania,17946,267
279,09664 Andrew Trail Apt. 701,Aliciaview,Egypt,62656,542
280,232 Miller Meadow Suite 039,Lake Mary,Dominican Republic,4402,60
281,6833 Tyler Cliff Apt. 403,Clementsfort,Germany,90828,448
282,287 Kyle Station,South Shannonfort,Saudi Arabia,43419,4
283,66428 Frances Bridge Suite 570,Samanthaton,Cameroon,82567,801
284,30921 Becker Drive Apt. 322,Kellytown,Tonga,37030,686
285,4592 Andrews Parks Apt. 040,Taylorfurt,Saint Martin,15821,646
286,8424 Anthony Bypass,Kelseystad,Kiribati,79912,628
287,9737 Timothy Brooks Apt. 270,West Joshua,Wallis and Futuna,14080,987
288,20992 Kyle Mission Suite 290,Lake Stevenborough,Mexico,37132,764
289,79939 Kenneth Isle,Lake Duane,Qatar,8994,947
290,077 Scott Crossing Suite 592,New Yolanda,Cayman Islands,76897,89
291,392 Warner Hill Suite 765,Ayersview,Myanmar,13982,917
292,332 Kristen Loop Apt. 708,Port Francis,Greenland,70672,670
293,09949 Morris Alley,Lake Michelle,Western Sahara,16154,950
294,0547 Medina Ranch Apt. 705,Lake Donnaborough,Botswana,12452,652
295,88759 Holland Rapid Apt. 867,Port William,Bolivia,56828,463
296,24236 Zoe Roads Suite 013,Melissamouth,Greece,25718,963
297,9555 Rocha Union,North Rita,Armenia,46550,678
298,68268 Kristen Prairie Suite 313,Hansenberg,Panama,7521,913
299,6686 Tammy Street Suite 283,Stoneton,Pakistan,14491,510
300,4110 Jacob Plains,Port Charlotte,Czech Republic,8466,326
301,7637 Wolfe Row,Michaelstad,Slovenia,76554,968
302,1059 Scott Spring,Krauseland,Central African Republic,40870,271
303,38618 Williams Dam,East Jasonfort,Malta,52674,460
304,292 Woodard Ridges Suite 253,Jenniferhaven,United States Minor Outlying Islands,70463,411
305,259 Kristin Terrace Suite 057,West Chris,Tuvalu,73118,791
306,44032 Durham Pike,Robleston,Belize,68373,789
307,25722 Eric Lock,Port Mark,Central African Republic,90514,506
308,81293 Timothy Walks,South Autumn,Czech Republic,64956,985
309,817 Joseph Row,Michaelfort,Cuba,99636,221
310,1545 Foster Club,Heatherchester,Benin,72610,803
311,98987 Karen Mission Apt. 289,New Chad,Antarctica (the territory South of 60 deg S),55377,767
312,1181 Ashley Shores,North Derek,Albania,57698,43
313,91833 Faith Cape Apt. 360,West Lisa,Belarus,45949,635
314,3099 Paul Street Apt. 734,Wandamouth,Niger,65326,919
315,294 Sonya Point Apt. 750,Laurafurt,United States Minor Outlying Islands,88748,186
316,1430 Pitts Mountain Apt. 580,Sonyafort,Saint Pierre and Miquelon,37473,82
317,90941 Michael Stravenue Apt. 176,Robertchester,Poland,73573,850
318,7415 Deleon Forest Apt. 383,Lake Michaelhaven,Timor-Leste,66244,432
319,42369 Elizabeth Crossroad,East Lisabury,Belarus,52902,233
320,99458 Charles Field,Port Sharon,Cape Verde,43160,202
321,904 Lawson Valleys,Zhangport,Guam,34202,204
322,668 Fields Lane Suite 661,New Yvonne,Cocos (Keeling) Islands,81382,445
323,2916 Ross Bypass Apt. 227,Mooreport,Guernsey,56637,74
324,1641 Russell Burgs,East Thomas,Sierra Leone,72045,386
325,077 Jones Fields,New Peterton,Costa Rica,34063,430
326,349 Whitaker Canyon,Barbaraside,Gibraltar,64661,232
327,351 Nelson Inlet,West Derrick,Botswana,10969,342
328,9174 Wright Turnpike Apt. 807,Gordonville,Nicaragua,56716,396
329,979 Shannon Glens Suite 781,Lake Brittanyview,Spain,20825,287
330,6913 Wallace Meadow,North Bruce,Brunei Darussalam,53093,720
331,23478 Jeffrey Islands,Kristinaville,Andorra,48696,61
332,8269 Browning Common Suite 404,East Jesusland,Saudi Arabia,75141,644
333,88810 Jessica Village Suite 055,Lake Zachary,Georgia,37593,702
334,40973 Shannon Knoll Apt. 760,New Sheilaville,Spain,21443,792
335,004 Dominique Avenue Suite 028,New Maria,Ireland,34359,581
336,778 Brittany Junction Apt. 181,Anthonyport,Tonga,97648,543
337,909 Annette Roads,Lake Lindsey,Maldives,43221,59
338,04268 King Junction Suite 479,East Loritown,United States of America,6292,690
339,929 Bruce Stravenue Suite 400,Anneside,Jordan,66404,263
340,65414 Jenna Stream Suite 241,Lake Russellville,Portugal,13311,689
341,8257 Patrick Parkways Suite 232,East Williamview,Greece,59492,664
342,62314 Santana Coves Apt. 159,Lisafurt,Senegal,88112,607
343,261 Ramirez Parks,Victorialand,Armenia,84044,482
344,05408 Ashley Keys,Patrickport,Heard Island and McDonald Islands,29319,530
345,09479 Stone Green,New Christinefort,Ireland,37416,601
346,366 Silva Rue,West Danielfurt,United Kingdom,75308,28
347,219 Jerry Mills,Aaronborough,Heard Island and McDonald Islands,80331,769
348,5040 Sullivan Tunnel Apt. 946,Melissatown,Ethiopia,66139,345
349,046 Greene Pine Apt. 590,Amyfort,Sudan,19568,100
350,0321 Dawson Parkways,Timothyberg,Christmas Island,58584,743
351,756 Medina Mall,Patrickmouth,Central African Republic,68158,290
352,70221 Robinson Wall Suite 721,Deniseberg,Samoa,14830,906
353,313 Young Vista Apt. 120,Gillfurt,Botswana,90383,869
354,5166 Nicole Camp Suite 743,West Henry,Chile,53819,436
355,046 Porter Burg,Jillview,Pitcairn Islands,27716,929
356,7157 Katie River,East Erica,Congo,30749,33
357,1472 Jimenez Ford,New Nicholas,Andorra,86254,42
358,9424 Rice Walks,Kramermouth,Korea,46269,284
359,194 Lisa Port Apt. 100,East Nathan,Ireland,91366,718
360,1099 Richard Stravenue,Davidton,South Africa,73972,448
361,326 Reid Row Suite 063,West Luisside,Afghanistan,96154,668
362,2355 Gonzalez Mall Apt. 758,Reedville,Yemen,87333,804
363,65979 Lisa Shoal,Lake Kendra,Ecuador,81126,599
364,682 Young Knolls Suite 742,Lake Christopherland,Turkmenistan,89930,897
365,93990 Johnson Corners Apt. 451,Joshuahaven,Macao,37162,835
366,714 Brianna Rapid Apt. 985,Robertside,Svalbard & Jan Mayen Islands,82046,748
367,9361 James Common Apt. 003,West Joshuafort,Togo,29969,87
368,590 Michael Court Apt. 524,West Donna,Saint Pierre and Miquelon,88165,609
369,72299 Charlotte Loop Apt. 803,Johnberg,Bangladesh,19644,59
370,669 Wheeler Stream Apt. 544,Thomasville,Mali,95637,225
371,2219 Yates Corner Apt. 196,Briannaberg,Gibraltar,40240,698
372,97562 Leonard Greens,North Allison,Eritrea,11941,427
373,003 Clark Extension Apt. 471,Moorehaven,Togo,54185,45
374,7056 Megan Field Apt. 821,South Angelatown,Bosnia and Herzegovina,58518,530
375,5006 Adam Lodge Apt. 903,East Ryan,Costa Rica,49615,52
376,692 Young Orchard Suite 068,Taylorfurt,Mauritania,67720,482
377,343 Kenneth Motorway,Kathleenberg,Switzerland,86761,259
378,104 Hess Pines,South Randy,Belize,72886,424
379,98784 Robert Plaza Suite 251,North Tonya,Lesotho,26570,891
380,803 Rodriguez Street Suite 996,Edwardsview,Pakistan,2211,537
381,881 Patricia Ports Apt. 191,Lynchport,Tokelau,96734,991
382,27721 Bentley Glen,North Melvinmouth,Austria,85826,58
383,082 Mcgrath Unions Suite 420,Joshuachester,Mauritania,80864,254
384,8192 Barton Land,Jonesland,Italy,19466,83
385,01155 Breanna Gardens,Markmouth,Monaco,61829,303
386,301 Kimberly Spur Suite 085,Alexandermouth,Uganda,90130,903
387,9910 Monica Ports,Richardside,Saint Barthelemy,89732,914
388,8787 Karen Ridge,Steeleberg,Poland,5379,859
389,966 Williams Square Apt. 478,Smithville,Hong Kong,29550,236
390,7336 Sandra Lights,Fullerside,Dominica,21216,559
391,476 Corey Run Apt. 442,New Alexanderbury,Libyan Arab Jamahiriya,25576,283
392,69887 Kramer Roads Apt. 789,Johnsonchester,Maldives,84850,78
393,4358 Vasquez Hills,Port Candaceville,Switzerland,97035,725
394,345 Cody Grove Suite 659,Ronaldville,Kyrgyz Republic,26747,547
395,7114 Thomas Summit Apt. 822,Lake Carolyn,Nicaragua,2280,450
396,31318 Garrett Shoal,East Jeffbury,Poland,96062,429
397,437 Nancy Walk Apt. 656,Port Amandaside,Italy,85983,613
398,8538 Hill Oval Suite 214,Amyberg,Malaysia,31044,360
399,7338 Meyer Station,West Justin,Jersey,8435,914
400,78435 Nancy Neck,Lucaston,Western Sahara,87420,759
401,65257 Flowers Park,Erikmouth,Guadeloupe,87902,274
402,3931 Dustin Ford Apt. 116,Thomasland,Jersey,21571,766
403,9564 Lloyd Shoals,Allisonville,British Indian Ocean Territory (Chagos Archipelago),91768,419
404,5469 Greene Keys Suite 893,North Ricardo,Japan,72317,762
405,50591 Flores Key,New Kevinport,United States Virgin Islands,52367,210
406,2440 Keith Rapid Suite 752,New Katelynbury,Marshall Islands,31064,832
407,10608 King Forges,Benjaminchester,Macao,75883,777
408,8154 Martinez Mountains Apt. 324,Lake Jessicaburgh,Slovakia (Slovak Republic),15894,572
409,83114 Williams Route,Alexandrialand,Cuba,16394,259
410,9591 Kelly Turnpike Suite 075,Zacharymouth,Pitcairn Islands,84114,644
411,7194 Traci Prairie,East Stephaniestad,Honduras,75151,468
412,397 Steven Falls Suite 105,Wellsmouth,Tokelau,86631,345
413,06704 Tiffany Mount,Davidshire,Iraq,27912,622
414,8540 Stephanie Brooks Suite 500,West Allen,Western Sahara,2209,301
415,2525 Cooper Isle Suite 758,Darrenburgh,Norway,55221,615
416,1187 Castro Crossing,Dustinstad,Bulgaria,78741,566
417,847 Jason Lock,Jordanville,Venezuela,49259,52
418,3912 Melissa Center Apt. 593,Richardtown,Afghanistan,34264,806
419,864 Edwards Row,Mccannbury,Mexico,8702,745
420,393 Hooper Stravenue Apt. 638,Lake Annberg,Finland,75372,441
421,1279 Larson Trafficway,North Richard,Tonga,55440,879
422,121 Brandon Square,Martinfurt,Kazakhstan,99263,510
423,370 Brandon Ridges,East Jason,Turkey,90147,831
424,78628 Phillip Extensions Suite 151,East Matthew,Tonga,99387,495
425,42621 Matthew Terrace Apt. 697,Kaylastad,French Polynesia,31955,835
426,25815 Joseph Roads Apt. 020,South Aaronhaven,Tuvalu,22537,946
427,5811 Oliver Pine Apt. 145,Port Kyle,Spain,79117,3
428,034 Teresa Route,Brendaside,Togo,89642,692
429,272 Kayla Fork,Lake Melaniefort,Guernsey,96918,538
430,1228 Emily Locks,Port Catherineville,Saudi Arabia,37386,447
431,170 Isaiah Land Apt. 757,Patelhaven,Samoa,84317,760
432,2319 Mayo Key Suite 833,Jeremyfort,Paraguay,49248,38
433,38904 Christian Throughway Suite 534,Schultzville,Guatemala,71561,955
434,926 Henderson Square,East Michael,Iran,20036,878
435,834 Martin River,South Brett,Iceland,19135,168
436,6556 Jeffrey Meadow,Garciafort,Cameroon,60901,296
437,6083 Elliott Glen Suite 134,New Amandafort,Panama,38842,146
438,919 Hamilton Heights Suite 995,Angelafurt,Tonga,91231,711
439,55393 Green Ramp Suite 497,Port Lindaland,Suriname,93503,497
440,7661 Lee Freeway Apt. 567,Suzanneshire,Japan,29248,666
441,69300 Sweeney Stream Apt. 947,Bushview,Peru,96107,219
442,296 Fowler Trace,Lake Benjamin,Guernsey,4708,29
443,209 John Points Apt. 454,Leahtown,Kiribati,95638,562
444,07179 Good Land,Spenceberg,Nigeria,54322,894
445,6399 Kelley Corner Suite 399,Gutierrezfort,Singapore,2619,980
446,8714 Brown Spring,Natalieborough,Cuba,41757,749
447,720 Black Pines Suite 100,Bakertown,Thailand,86743,817
448,6402 Mercado Stream Apt. 422,Joshuaborough,Argentina,66255,412
449,4336 Martinez Corners Apt. 535,Ryanton,El Salvador,19661,385
450,03527 Jacqueline Plain Suite 124,Lake Sarahchester,Pitcairn Islands,18847,643
451,1191 Paul Forks Apt. 721,Morrisbury,Greenland,27113,368
452,6134 Marie Island Suite 400,Davidstad,Norfolk Island,80298,987
453,89821 Karen Valley Apt. 706,New Jeffery,Kyrgyz Republic,74802,527
454,080 Ann Pike,Port Amystad,Bouvet Island (Bouvetoya),97284,709
455,529 Amy Inlet,Schneiderville,Mauritania,83475,150
456,64619 Roger Junctions,Robertsfort,Romania,20728,308
457,8103 Lucero Gateway Suite 900,Carlsonton,Brunei Darussalam,62844,714
458,536 Regina Pine,South Tonyport,Western Sahara,91102,959
459,9463 Shawn Island Suite 496,East Michaelport,Nicaragua,33602,230
460,437 May Fords Suite 605,Clarkfurt,Puerto Rico,35022,758
461,6870 Ivan Plain Apt. 650,Maryville,Western Sahara,99309,96
462,30204 Beth Field,West Susan,Botswana,86577,757
463,30547 Marsh Walk,Port Julie,Croatia,98279,728
464,2650 Foster Wells Suite 219,West Christinaville,Micronesia,69669,395
465,0143 John Skyway,Morganborough,South Africa,41000,176
466,962 Kelly Haven,Lake Justinfurt,Gambia,93507,518
467,841 Paul Curve Suite 245,West Nicholas,Sierra Leone,39625,133
468,97596 Melinda Estate Apt. 257,South Bruce,Yemen,97022,10
469,0185 Morris Haven,Hunterfurt,Palestinian Territory,36876,54
470,103 Crystal Locks,Davisland,Cuba,15228,788
471,94433 Rodriguez Landing Suite 001,Andrewberg,Ireland,68377,692
472,4261 Crystal Station,Ashleyville,Benin,4128,308
473,89145 Pamela Heights,South Ronaldmouth,Iraq,41982,797
474,5745 Robert Fort,Figueroaville,Australia,71806,796
475,717 Lawson Ridges,Timothyside,Tokelau,71276,909
476,94425 Jack Courts Apt. 132,Donaldburgh,Canada,21882,618
477,1251 Smith Harbors Apt. 930,Sarahchester,Kyrgyz Republic,66455,865
478,20158 Morris Extension Apt. 751,Port Daniellebury,Latvia,77077,448
479,0268 Fernandez Springs Suite 589,North Tiffany,Qatar,19793,881
480,65578 Hughes Views,Bergfurt,Serbia,81436,767
481,3088 Crosby Squares,West Emilyfort,Benin,69642,638
482,22579 Sandra Grove Apt. 440,Fosterport,Fiji,32758,83
483,6018 Gina Roads,Tashaside,Serbia,60806,844
484,34755 Stephen Square Apt. 026,South Michael,Turkey,73076,296
485,409 Powell Skyway Apt. 411,Wellsstad,Denmark,71591,249
486,28242 Velazquez Bypass Suite 167,Livingstonberg,Cyprus,22950,238
487,16502 James Street Suite 614,East Cindy,Kazakhstan,1563,325
488,23835 Ruben Pine Suite 064,South Heather,Uruguay,37068,298
489,200 Mccormick Via,East Lauren,Gabon,27519,783
490,82571 Cruz Via Suite 158,Wilsonton,Kenya,40493,405
491,5977 Anderson Station,Gomezport,Marshall Islands,70383,210
492,0340 Becker Lodge,East Stevenchester,Guinea-Bissau,73664,109
493,723 Vargas Vista Apt. 827,Savannahshire,Guatemala,15790,647
494,26067 Jimmy Locks,Lake Ryanport,Cambodia,96887,336
495,323 Brianna Ramp,Davidton,Croatia,33197,52
496,63366 Herrera Springs,Michelleton,Saint Barthelemy,42481,444
497,09724 Wesley Ports,North Kevinberg,Nauru,43684,844
498,113 Robin Divide,Jaredland,Sri Lanka,602,490
499,00674 Morris Hill,West David,Iceland,99912,54
500,7823 Maria Ports Apt. 648,Harrismouth,Anguilla,98183,744
501,858 Wilkerson Street Apt. 211,South Seanmouth,Tonga,42583,313
502,323 Little Island,Fletcherview,Finland,41164,422
503,3279 Amanda Crescent Apt. 973,Berryland,Antarctica (the territory South of 60 deg S),89902,589
504,1016 Miller Ports Apt. 224,Davistown,Uruguay,17320,782
505,61334 Johnson Pass Apt. 323,East Lindaton,Zambia,84531,489
506,51360 Jacqueline Ports Suite 162,Websterborough,United States Minor Outlying Islands,19674,181
507,9874 Nelson Burgs,Fergusontown,Angola,53912,888
508,94849 Parker Stream Apt. 599,North Eric,Papua New Guinea,24772,523
509,43425 Sydney Shoals,Baileyfurt,North Macedonia,31102,126
510,5052 Meyer Manors,Pierceville,Mexico,24458,58
511,8506 Rachel Vista,Elizabethfurt,Fiji,85087,126
512,9376 Brooke Highway Suite 670,Drewland,Micronesia,71106,316
513,4574 Moore Square,South Douglas,Kyrgyz Republic,86310,985
514,259 Adam Village,Port Rachelchester,Malawi,35838,610
515,936 Sanchez Extensions,New Sharon,Sudan,41802,464
516,787 Morris Valley,North Lynn,Guinea-Bissau,71495,311
517,5031 Melissa Groves Suite 997,Port Amber,Aruba,96888,356
518,81623 Debbie Island,Kaufmanport,Chad,94197,408
519,222 Zachary Crest Suite 964,Angelatown,Ireland,81925,535
520,927 Harrington Loop,Gailshire,Afghanistan,75021,288
521,404 Jason Wall Apt. 211,Smithchester,Korea,32801,31
522,7546 Ashley Knolls Apt. 527,Port Philip,Liberia,88174,603
523,977 Martha Place,Brentchester,Uganda,93924,904
524,9800 Walker Land,Port Christine,South Georgia and the South Sandwich Islands,60907,908
525,2341 Moyer Inlet Apt. 107,Lake Anthony,Bosnia and Herzegovina,86831,448
526,1285 Danny Rue Apt. 896,Martinstad,Western Sahara,24598,497
527,55800 Reed Rapids,Lake Valerieton,Ecuador,58967,396
528,666 Henderson Walk,Schwartzview,United Kingdom,97057,664
529,718 Stephanie Pines Apt. 749,West Veronicabury,Indonesia,9714,341
530,0986 Kevin Flats,Vegamouth,Tonga,9290,99
531,310 Wells Mission,North Daniel,Guam,33534,704
532,403 Garcia Spur Apt. 082,Morenobury,Timor-Leste,87967,339
533,42021 Samuel Terrace Apt. 222,Kaylafurt,Swaziland,60137,328
534,93832 Booth Crescent Apt. 048,Johnathanland,Mongolia,11007,858
535,250 Cameron Extension,Quinnside,Belgium,73032,980
536,517 Stewart Springs,Davidview,United States Virgin Islands,81674,215
537,242 Bell Route Suite 895,Rogersshire,Korea,74119,692
538,3664 Brittney Roads Apt. 390,Lake Ashley,Mali,26231,582
539,746 Edward Drives Suite 179,Isaacbury,Oman,56117,23
540,2094 Hooper Grove,Smithbury,Isle of Man,63699,676
541,1498 Coffey Hill Apt. 937,Andersonview,Thailand,66810,841
542,4756 Jones Valley,Port Kathleen,Jamaica,74547,410
543,846 Dodson Points,North Alicia,Denmark,99045,336
544,356 Alicia Center,Figueroamouth,Marshall Islands,39222,120
545,714 Weaver Ridges,East Bradleyburgh,Northern Mariana Islands,27113,40
546,87024 Brandon Harbors Suite 305,Lake Jasonton,Norway,26746,997
547,391 Lynch Harbors Suite 394,Hernandezchester,Guatemala,53778,470
548,196 Elizabeth Pass,New Ricardo,Cocos (Keeling) Islands,14222,28
549,870 Katherine Summit Suite 312,West Christine,Italy,67234,604
550,0177 Johnson Lake,New Ashley,Djibouti,62845,479
551,19589 Beverly Light Apt. 454,Lake Kenneth,Cambodia,3467,34
552,628 Reese Course Suite 088,Lake Susan,United Arab Emirates,52170,802
553,362 Jimmy Dam,Christopherville,Eritrea,43167,474
554,5835 Tiffany Spur,New Ronaldfort,Maldives,66176,171
555,6331 Kimberly Greens,Mathewsfort,Cape Verde,45966,704
556,812 Gibson Vista,Woodbury,Fiji,73296,496
557,747 Leslie Run Suite 123,East Daniel,Sao Tome and Principe,90278,692
558,600 Amber Plaza Apt. 654,Port Amyport,Marshall Islands,88238,607
559,73197 Brown Spurs Suite 792,Pughport,Venezuela,64606,333
560,51023 Joseph Points,Sharonport,New Zealand,48273,426
561,868 West Lodge Suite 236,Christinemouth,United States Minor Outlying Islands,36102,748
562,00934 Haley Shoal,Port Amber,Gabon,56399,79
563,5707 Kimberly Roads Apt. 924,Joseside,Malawi,29769,833
564,2928 James Mount,East Jessica,Antigua and Barbuda,69876,60
565,331 Scott Greens Apt. 681,Jamesburgh,Qatar,58039,591
566,17750 Adams Throughway Suite 259,Lake Victortown,Tajikistan,29716,613
567,576 Leach Green Suite 583,New Danielmouth,Kyrgyz Republic,69502,794
568,7996 Jordan Groves Apt. 533,Jeffreybury,Cocos (Keeling) Islands,92165,335
569,45759 Finley Summit,Marshallport,Sierra Leone,19034,741
570,6672 Jennifer Lights,West Joshuaside,Turkmenistan,37438,843
571,4983 William Squares Suite 703,Lake Elaineberg,France,65134,627
572,422 Victor Estates,New Oliviafurt,Tajikistan,75028,972
573,1503 Steven Lakes Suite 792,Port Barbaraton,Panama,68965,377
574,686 Heather Via Suite 579,Wellshaven,Chile,46543,374
575,6567 Beard Parkways Apt. 837,New Mollychester,Nigeria,89979,468
576,24782 James Springs,Rodriguezmouth,Gabon,68910,324
577,376 Arroyo Common Apt. 247,South Catherine,Liberia,14385,454
578,5738 Todd Station Apt. 137,Jessicaport,Ukraine,94421,698
579,05354 Amanda Manor,Wendyland,Kyrgyz Republic,64513,195
580,806 Brown Gateway,Dunnchester,Uzbekistan,16570,38
581,2375 Victor Spring,Katherinefurt,Tonga,27390,186
582,326 Eric Plain,South Karenbury,Guinea,24687,875
583,1287 Ian Squares Apt. 229,Anthonyport,South Georgia and the South Sandwich Islands,42637,361
584,02149 Ortiz Mission Suite 435,Lake Katieland,Mexico,53938,763
585,64146 Weber Parkway,Port Heatherborough,Fiji,68459,355
586,320 Henry Shore Apt. 675,South Leonardborough,Netherlands,92957,790
587,9155 Chavez Springs Suite 050,Port Jamesfurt,Somalia,92569,549
588,33275 Levi Common Apt. 097,Port Manuel,Estonia,89899,971
589,1567 David Fall,Belltown,Iraq,83686,656
590,4212 Hernandez Mount Apt. 788,North Toddchester,Namibia,99300,672
591,04074 Medina Knolls Suite 711,Fritzmouth,Burkina Faso,97560,44
592,0161 Thompson Junctions Suite 060,New Zachary,Armenia,85740,203
593,87574 Everett Pike Apt. 468,East Nicolemouth,French Polynesia,84667,524
594,6633 Stone Roads Suite 601,East Shannon,French Southern Territories,51651,332
595,5427 Carney Forge Suite 780,Cherrychester,Northern Mariana Islands,6504,479
596,978 Rich Estate,West Tylerburgh,Yemen,7226,570
597,26651 Garcia Club,Dunnhaven,Swaziland,45566,159
598,9622 Edward Crossroad,New Zacharytown,Tunisia,97296,220
599,61567 Tyler Common,South Markborough,Syrian Arab Republic,39179,565
600,1455 James River Apt. 494,South Omarland,North Macedonia,35010,247
601,7836 Adams Islands Apt. 640,Mosesside,Saint Lucia,61531,2
602,49799 Christopher River,South Kennethmouth,Venezuela,40837,51
603,9017 Foster Knolls Suite 835,East Adam,Cambodia,60697,981
604,49413 Matthew Field Suite 379,Nuneztown,France,56972,816
605,55417 Harry Estates Apt. 674,Lake Sherry,Thailand,24527,615
606,4041 Megan Skyway,Landryton,Vietnam,78521,913
607,05482 Ward Extensions Apt. 519,East Brooke,Turkmenistan,88537,558
608,06603 Joseph Lake Suite 650,Christinastad,Hungary,13166,647
609,50528 Alexander Plains Suite 718,North Thomas,Gambia,10744,322
610,766 Lucas Centers Suite 852,East Desireeport,Mali,63816,242
611,6293 Tiffany Streets Apt. 070,Joshuafort,Chad,51579,899
612,785 Aguilar Points Apt. 631,Lake Stephanie,Uzbekistan,65807,170
613,12375 Smith Union Apt. 020,Lawsonborough,Sweden,43209,576
614,8337 Christopher Harbors Apt. 773,East Christina,Denmark,74547,791
615,03673 Emily Gardens,South Alexandra,Mali,57793,127
616,5486 Theodore Streets,North Francisco,Rwanda,36254,77
617,660 Mia Summit Apt. 981,Samanthachester,Greece,85133,463
618,76558 Coleman Prairie Apt. 364,Mcgeeburgh,Argentina,59029,289
619,2969 Harris Lakes,West Lisa,Guinea,72631,306
620,894 Brian Prairie,Stevensonborough,Saint Vincent and the Grenadines,45622,986
621,9074 Velazquez Path,Shawfurt,Saint Vincent and the Grenadines,18418,327
622,753 Graham Crest,Port Marvin,Saint Lucia,23256,311
623,9368 Tara Ville,North Angelaside,Greenland,14852,988
624,99822 Abigail Court Apt. 984,East Luisland,South Africa,8675,415
625,117 Allen Road Apt. 515,South Lisa,Uruguay,45661,84
626,85695 Kyle Lodge Apt. 941,Port Troy,Saint Pierre and Miquelon,12590,598
627,639 Carly Road,New Amyland,Ireland,43944,266
628,3608 Jason Row Suite 429,Harveyhaven,Argentina,36196,835
629,663 Joseph Cape Suite 911,Harrisonbury,Jamaica,7092,247
630,96484 Cooper Fall Suite 691,Johnside,Libyan Arab Jamahiriya,56364,661
631,593 Tiffany Squares Apt. 358,North Rebekahmouth,Marshall Islands,79114,242
632,4150 Paula Extension,Larsonberg,Pakistan,80071,127
633,7822 Rhodes Lock Apt. 533,Lake Josephchester,Reunion,35158,943
634,053 Tamara Village,Patriciaburgh,Honduras,10514,466
635,3776 Moore Hills,Antoniobury,Bosnia and Herzegovina,94767,876
636,839 Coffey Light,Jonathanfort,Guinea-Bissau,94399,58
637,4272 Schultz Drive,Lake Richard,French Southern Territories,96105,891
638,83162 Rebecca Park,East Kristin,Serbia,79844,774
639,63874 Megan Pike Suite 973,West Gail,French Southern Territories,53297,751
640,67760 Tucker Run Apt. 066,New Pedro,Guinea,49821,558
641,509 Walker Summit Apt. 054,Harringtonstad,Colombia,16714,636
642,82102 Greer Forks,Lorifurt,Zimbabwe,11984,701
643,403 Guzman Streets,Chelseaberg,Afghanistan,46738,917
644,31043 Palmer Drives,Juliemouth,Mauritius,56551,27
645,710 Kelly Stravenue,West Pamelashire,Tuvalu,92242,56
646,704 Edwards Loop Apt. 713,New Michelleside,Cuba,35561,95
647,346 Myers Mountain Apt. 260,Michaelberg,Saint Helena,1280,699
648,094 Antonio Crossing Apt. 613,North Rebeccafort,Turkmenistan,67115,595
649,8071 Holmes Stream Apt. 468,North Daniel,Albania,47516,194
650,82456 Kevin Turnpike,Michaelstad,French Polynesia,66862,420
651,879 Jacqueline Creek Suite 240,Port Jamesport,Somalia,90995,718
652,85796 Houston Lodge,Bryantborough,Nepal,87361,948
653,89895 Fisher Village Suite 853,Maryside,North Macedonia,41580,816
654,32799 Smith Route Suite 289,Lake Rachel,Samoa,10812,230
655,11936 Robert Meadows,Phyllisburgh,Reunion,1523,157
656,733 Smith Road Apt. 699,Johnview,Lithuania,43602,37
657,7561 Mark Flat,Ochoaborough,Saint Martin,94840,304
658,51026 Rowland Grove Suite 822,North Gregory,Egypt,89364,850
659,230 Howell Cape,South Janetborough,Tunisia,42129,997
660,311 Patricia Lakes Apt. 789,Wheelerchester,Russian Federation,55575,602
661,8362 Phillip Trace Suite 771,North Dennis,Niger,39410,11
662,71444 Nicholas Unions Apt. 396,Port Whitney,Paraguay,29998,15
663,981 Hunter Villages,Lake Kathryn,Chad,93303,363
664,1904 Rose Roads,Lake Stephaniebury,Mexico,19752,184
665,87027 Andrew Trail Suite 353,West Jessicaside,Montenegro,86132,651
666,30539 Jon Lights Suite 184,North Claudia,Dominican Republic,63875,772
667,14253 Scott Fall,Anthonyland,Singapore,51945,180
668,907 Johnson Mount Suite 708,Brownside,Lesotho,2413,829
669,92307 Johnson Pass,Martinberg,Argentina,28487,97
670,705 Kristen Centers Apt. 236,Danachester,United Kingdom,11324,916
671,2872 Heather Park Suite 984,Lake Kirk,Nauru,65957,409
672,749 Jeffery Rue Apt. 188,North Samantha,Croatia,74689,67
673,117 Thomas Square,Port Tammymouth,Bouvet Island (Bouvetoya),42611,857
674,326 Fletcher Summit,Brandiland,Sweden,52939,443
675,24737 Kelsey Highway Apt. 349,South Thomas,Turkey,90098,367
676,307 Smith Circle Apt. 890,Kathymouth,Svalbard & Jan Mayen Islands,36767,52
677,811 Hamilton Crest,West Kevinport,Monaco,50053,567
678,22147 Michelle Mount,Port Jeffery,Togo,5200,162
679,02870 Gomez Passage Suite 940,West Elizabethbury,Sri Lanka,3413,560
680,800 Megan Drives,Daviston,Botswana,70206,788
681,1639 Taylor Hills,Arthurton,Korea,81057,763
682,187 Lindsay Loop Suite 466,Michaelchester,Canada,15470,220
683,4250 Michael Dale,Robertside,Montserrat,92860,39
684,076 Thomas Village Apt. 055,North Kathleenville,Mali,70080,827
685,2203 Mcgee Lakes Apt. 170,Garciaton,Korea,35616,147
686,18849 Hansen Oval,Chamberstown,Mali,67492,558
687,6026 Herrera Plaza Suite 826,Kristenland,Liberia,64684,588
688,105 Lance Walks Suite 652,Luisland,Ukraine,22442,81
689,447 Stewart Village Suite 924,Lake Barbara,Palestinian Territory,33965,648
690,8338 Ellis Inlet,New Blakeburgh,Cocos (Keeling) Islands,2137,534
691,67839 Smith Lake,Gonzalezport,Wallis and Futuna,31728,506
692,93064 Jennifer Burg,West Douglas,Gambia,55171,301
693,55560 Clark Well,East Jefferyfort,Denmark,32033,88
694,044 Stewart Street,Smithfurt,Barbados,37239,760
695,1489 Nancy Alley,Troychester,Netherlands Antilles,99634,977
696,2405 Jenna Spurs Suite 627,Harmonborough,New Zealand,92163,871
697,44799 Angela Camp,East Sarah,Tajikistan,68893,621
698,742 Wilson Plaza,New Marilyn,United States Minor Outlying Islands,35953,940
699,81399 Dale Mall Suite 192,New Joseph,Reunion,93901,532
700,201 Tucker Park Apt. 508,Cassidyshire,Kuwait,62005,671
701,40902 Harrison Parkways Apt. 265,East Williamborough,Oman,1021,791
702,354 Joshua Village,Grimeston,Belarus,2306,558
703,5789 Melanie Wells,West Jacobberg,Senegal,3980,309
704,827 Adriana Mills Suite 579,Dawnton,Gibraltar,58083,368
705,8240 Allen Lodge,North Autumn,Trinidad and Tobago,91596,946
706,094 Morales Freeway,West Michael,Cambodia,70082,95
707,52340 Garcia Neck,Port Darylhaven,Mayotte,42367,780
708,585 Smith Square Suite 828,Ryanmouth,Guyana,18900,831
709,522 Eric Forges Suite 076,Rodriguezfort,Finland,89532,326
710,138 Shawn Terrace,West Jacob,Saint Martin,55631,326
711,2532 Williams Curve,Jasonland,Malawi,37063,604
712,824 Patrick Springs Apt. 560,Lake Jerome,Croatia,75199,620
713,2918 Joshua Coves Apt. 994,Brianview,Brunei Darussalam,33372,914
714,394 Christopher Mountain Suite 419,East Katherine,Gibraltar,96071,406
715,1260 Martinez Row,North Marc,Tokelau,6398,887
716,180 Angela Junction,Turnerville,Slovenia,38431,12
717,574 Davis Flats,Hernandezside,Iran,96190,212
718,7460 Victor Walks Apt. 106,Port Connorborough,Cuba,79500,620
719,6627 Perkins Mount Apt. 795,Reyesfurt,Vietnam,58434,888
720,547 Jeremy Ford,South Anthonyview,Norfolk Island,33578,195
721,33638 Jose Trace,Brandyside,Netherlands,63080,294
722,27195 Jackson Ramp,West Bobby,Falkland Islands (Malvinas),8250,640
723,401 Alison Burg Apt. 376,Robinland,Peru,61041,655
724,3014 Wheeler Expressway,Lake Connie,Micronesia,67647,257
725,552 Nelson Branch Apt. 155,New Tammy,Korea,36890,84
726,168 Nathan Wall Suite 788,New Eric,Tanzania,94654,656
727,69704 Shawn Crescent,Lake Stevenburgh,Spain,42074,543
728,2289 Richardson Throughway Apt. 438,Brittanyport,Azerbaijan,31212,140
729,82781 Steven Valley,Melissaville,Svalbard & Jan Mayen Islands,74077,212
730,792 Green Unions,North Crystalstad,Montenegro,64222,888
731,028 Herrera Road Suite 577,West Ashleyhaven,Tanzania,2134,267
732,398 Smith Forges Apt. 481,South Ryanchester,Bolivia,79646,519
733,80900 Webster Square,Browntown,Senegal,66140,37
734,91824 Clark Key,East Sheena,Senegal,69690,361
735,5566 Davis Summit,Natashaborough,France,57466,728
736,800 Wheeler Unions Apt. 003,Hernandezstad,Gambia,80802,852
737,4801 Douglas Heights,New Katherinestad,Guinea-Bissau,20555,73
738,507 Kelly Flat,East Rachelfurt,Switzerland,42021,238
739,620 Huerta Canyon,Lake Cherylberg,Saint Vincent and the Grenadines,87892,636
740,60652 Michelle Row,Courtneychester,Kuwait,83869,218
741,93361 Lamb Plaza Apt. 758,West Gail,French Polynesia,12068,668
742,01316 Ramirez Villages Apt. 443,South Jamesberg,Armenia,45171,188
743,2751 Gilmore Trail Apt. 077,New Cole,Serbia,13869,692
744,66685 Patrick Square Apt. 374,North Frances,Central African Republic,24106,402
745,4072 Strickland Trail,Campbellville,Philippines,41718,147
746,1518 Kathryn Meadow,South Amanda,China,1120,983
747,73851 Sawyer Cliffs,West Michaelhaven,Georgia,27228,24
748,9571 Roberson Valley Apt. 123,Acevedomouth,Netherlands,92499,219
749,693 Delgado Gateway,Alexanderstad,Germany,34241,376
750,14502 Andrew Inlet Suite 482,New Oliviaton,Eritrea,99731,789
751,71061 Shawn Oval Suite 495,Beckerside,Croatia,70684,790
752,77809 Clark Extensions Suite 467,Rodriguezchester,Georgia,91609,143
753,485 Taylor Gateway,Colliermouth,Christmas Island,5763,121
754,94814 Lee Trail,Hortonville,Comoros,3708,498
755,20962 Ramsey Crossroad Apt. 425,Zamoraview,Palestinian Territory,43255,356
756,447 Jackson Garden Apt. 764,East Ashley,Zambia,97104,230
757,12374 Schmitt Mission Suite 797,Herreraport,Guam,71385,469
758,7788 Wells Squares Suite 161,Phillipsview,Malta,81438,679
759,07450 Erica Centers Suite 525,East Allison,Solomon Islands,18458,895
760,75882 Karen Manor,Joshuaton,Albania,24381,939
761,303 Lucas Rapids,Schultzshire,Hungary,51044,75
762,9314 Stephen Manors Apt. 833,Bentleystad,Cayman Islands,82041,128
763,53719 James Ports,East Andrew,Mali,28475,405
764,024 Stevens Rue Apt. 421,West Brittney,Malaysia,85421,199
765,247 Alvarado Lock,Deborahtown,Senegal,3896,691
766,8055 Charles Drive,South Mariaburgh,Armenia,47451,96
767,426 Pope Ridge,North Michael,Mozambique,50624,311
768,84610 Grimes Crescent Apt. 185,Kinghaven,Congo,50024,205
769,5863 Hines Vista Apt. 589,West Matthewtown,Sierra Leone,32540,906
770,71443 John Plaza Apt. 897,Cherylburgh,Tonga,31300,228
771,19277 Nelson Creek Apt. 370,Christinaside,Guernsey,32136,337
772,9074 Bradford Lake,Davidshire,Papua New Guinea,34299,646
773,078 Molly Cliff Apt. 056,East Judithport,Russian Federation,94399,669
774,449 David Shore,Jermaineberg,Turkey,52798,703
775,4249 Laura Park Apt. 613,Joshuaview,Holy See (Vatican City State),26503,609
776,553 Crawford Islands,Angelachester,Bulgaria,35849,815
777,32078 Anthony Stravenue,North Jimmystad,Ecuador,99621,968
778,970 Michael Curve Suite 905,New Amber,Guatemala,35242,697
779,707 Jose Islands Suite 365,New Craigstad,Tanzania,12203,574
780,2811 Fields Forge,South Brianstad,Belgium,98523,611
781,1874 Schneider Vista,Fergusonbury,Cameroon,18116,176
782,872 Lopez Glens,Michaelview,Sao Tome and Principe,80343,409
783,578 Matthew Stream Apt. 407,South Timothy,Svalbard & Jan Mayen Islands,83903,956
784,1784 Kyle Parkway Suite 810,Gloverville,Svalbard & Jan Mayen Islands,3979,790
785,12533 Nicole Landing,Stephenschester,Montserrat,85682,472
786,86171 Davis Brook Suite 685,Martinmouth,Qatar,95050,196
787,52723 Smith Lights,Porterport,Timor-Leste,28945,204
788,1653 Gary Vista Apt. 862,Lake Sarahstad,Greece,69262,991
789,5806 Gutierrez Stravenue,Port Kristen,Serbia,78428,397
790,300 Hernandez Plaza Suite 850,Petersonshire,Switzerland,12382,646
791,8374 Wright Lakes,North James,Rwanda,27614,11
792,1027 Decker Squares,Mooreton,Senegal,60402,833
793,6984 Benton Valley,Lucasville,Montenegro,57439,29
794,03962 Olson Vista,Bradleychester,Libyan Arab Jamahiriya,53010,443
795,718 Christina Road Suite 786,New Thomas,Liberia,6925,914
796,721 Mosley Plaza,Spencebury,Macao,55702,844
797,7496 Tina Plaza,East Annaburgh,Madagascar,22844,589
798,21040 Brown Extensions Suite 491,Kristyberg,Trinidad and Tobago,61810,764
799,31145 Michael Stream Apt. 985,Sanchezfort,Austria,70183,210
800,581 Peters Creek,Lake Pamelaland,United States Minor Outlying Islands,62493,877
801,8683 Green Coves,Chambersborough,Mayotte,74125,732
802,37891 Wong Ways Suite 649,Williamsonborough,Burkina Faso,82935,963
803,55530 William Mission Apt. 308,Julietown,Mayotte,98301,850
804,46120 Shaffer Divide Suite 363,East Raymondland,New Zealand,69890,985
805,059 Dalton Center Apt. 900,Joyshire,Monaco,37339,379
806,22573 Rebecca Causeway,West Carol,Madagascar,49267,399
807,24771 Pratt Estates,Underwoodburgh,Tajikistan,51984,325
808,41191 Kelly Creek Apt. 321,Port Brycebury,Libyan Arab Jamahiriya,36996,368
809,7588 Alexis Fields Suite 099,Bakerchester,South Africa,83489,844
810,57384 Dennis Rapid,East Raymond,Benin,40156,87
811,47467 Eric Ferry,Lake Lauren,Wallis and Futuna,86373,514
812,3471 Kevin Lane,New Thomasport,Albania,99314,276
813,57462 Jonathan Forges Suite 255,Port Michellestad,Finland,94263,555
814,5487 Joshua Trace,Brandonfurt,Falkland Islands (Malvinas),99904,739
815,78943 Morgan Roads,Christopherport,Taiwan,61854,866
816,88298 Hobbs Villages,Port Kathyton,Dominican Republic,15279,726
817,331 Coffey Curve Apt. 659,Theresamouth,Anguilla,37367,149
818,55938 Brady Fords Apt. 433,Tylerberg,Armenia,70282,259
819,540 Justin Ranch Suite 680,Robertsville,Antigua and Barbuda,49326,496
820,023 Dominguez Fields,Kerrside,South Africa,8557,78
821,90283 Joseph Estates Apt. 584,Valerieville,Palau,53230,451
822,6016 Ramos Station,New Michaelstad,Slovenia,90997,907
823,83394 Bianca Street Apt. 980,North Pamela,Guinea,81771,311
824,800 Mcdaniel Walks,West David,Namibia,11589,536
825,428 Lisa Forge,Jonesmouth,British Virgin Islands,65673,462
826,221 Timothy Light Apt. 468,Kimberlyfort,Guyana,4399,695
827,423 Pamela Cape Apt. 824,Jennifermouth,Greece,67489,478
828,51502 Wright Summit,West Dannyside,Samoa,21869,108
829,2517 Jeffrey Isle Apt. 414,Port Chadfurt,Lao People's Democratic Republic,52641,387
830,4419 Brian Isle,East Anthonyfort,Guam,52237,10
831,6804 Rebekah Ports,East Georgeton,Sao Tome and Principe,28892,979
832,4685 Alexis Dam,South Morganhaven,Reunion,45409,315
833,34072 Christopher Plaza Suite 457,West Henryberg,Lithuania,68045,419
834,8060 Jackson Club Apt. 561,Lisastad,India,4596,298
835,934 Blankenship Knolls,Mossside,Mauritania,78026,372
836,094 Merritt Street Suite 379,West Heidifort,Jordan,8852,802
837,706 Catherine Green,Riverastad,Pakistan,59352,150
838,48648 Pena Key,West Jason,Saint Lucia,60377,854
839,582 Alicia Estates,Timstad,San Marino,33252,113
840,9757 Justin Summit Apt. 756,Christinechester,Uruguay,39343,853
841,697 Taylor Center Apt. 046,Kathleenburgh,Azerbaijan,3774,71
842,674 Briggs Land,Mariaburgh,Albania,61352,191
843,37080 Francis Run Apt. 239,Michaelshire,Romania,86603,344
844,82151 Jackson Forges,Lake Natalie,Hong Kong,94966,140
845,507 Smith Mall,Deniseborough,San Marino,74059,749
846,1105 Erickson Overpass,Vargaston,Sri Lanka,41862,574
847,87378 Matthew Brooks Apt. 407,New David,Congo,68952,41
848,895 Jeremy Gardens Apt. 935,Denisemouth,Guadeloupe,92672,331
849,51861 Laura Forest,Longbury,Grenada,76346,259
850,703 Kristie Parkway Suite 319,Geraldville,Tokelau,22095,736
851,184 Brown Lakes Suite 952,Lawrencechester,Western Sahara,20286,49
852,305 Hughes Ridge Apt. 076,East Kathyville,Suriname,82824,595
853,8661 Michael Flat Suite 858,Underwoodville,Colombia,28766,728
854,6832 Norton Greens,Port Christopherton,Uzbekistan,64331,155
855,23430 Robbins Ranch,Mitchellside,India,75083,366
856,45339 Chris Walks Apt. 777,Rebeccaside,Guyana,86972,861
857,47256 Burke Station,South Barbara,Kenya,87751,911
858,1651 Karen Locks,Salinasland,Uzbekistan,76225,489
859,99796 Hall Shoal,Fullerburgh,Saudi Arabia,44782,178
860,868 Janet Station Suite 783,Karenborough,Haiti,99485,123
861,978 Smith Fork,Gregoryberg,Christmas Island,62059,968
862,845 Osborne Fort,Sheltonport,Barbados,24571,437
863,409 Bentley Flats Suite 941,East Shawn,Congo,48287,417
864,2131 Jamie Mountains Apt. 304,Jaimeland,Tanzania,56055,767
865,02710 David Harbor,Emmastad,Uruguay,30776,103
866,1493 David Spur,South Charles,Turkey,60397,505
867,93110 Davis Summit Suite 117,Yvetteport,Niue,64724,892
868,742 Sanchez Hills Apt. 817,Rhodesfort,Croatia,78828,164
869,7675 Laura Brooks,Lake Kristina,Moldova,8692,163
870,86302 Craig Circles Suite 704,Hernandezland,Cayman Islands,72776,381
871,4517 Chang Street Apt. 431,Tinaville,Tajikistan,72030,70
872,08701 Madison Mountains Suite 546,South Daniel,Libyan Arab Jamahiriya,8524,714
873,742 Clark Summit,West Linda,Guinea-Bissau,7874,614
874,43615 Frost Isle Apt. 154,West Karenstad,Kazakhstan,16544,916
875,7814 Obrien Green,East Brett,Guernsey,44994,7
876,61831 Villanueva Place Apt. 018,Davidfort,Central African Republic,30704,195
877,944 Rodriguez Branch Suite 130,Dianemouth,Madagascar,6070,616
878,58683 James Lane,East Charlestown,Tokelau,67496,267
879,229 Jason Plaza,Lake Donnaland,Northern Mariana Islands,15689,827
880,4170 Rodney Spring,Lake Anthonyburgh,Haiti,73599,609
881,673 Destiny Center,Amyside,Saint Martin,71375,34
882,591 Page Corners Suite 586,East Becky,Austria,32526,191
883,188 Gilbert Burgs,North Stephen,Christmas Island,91787,81
884,5211 Leblanc Meadows Suite 730,Fordberg,Timor-Leste,47868,227
885,861 Jessica Lights,Leville,Zambia,94843,467
886,87411 Roberts Inlet Suite 793,Williamston,Trinidad and Tobago,48622,780
887,6291 James Centers,Kellybury,Bhutan,11434,143
888,91301 Megan River,East Mariabury,Tonga,10689,918
889,428 Daniels Islands,South Rebekah,Maldives,68908,845
890,70350 Joshua Field,North Kellyfurt,Slovenia,90957,441
891,8305 Adams Dale Apt. 205,Port Jeffrey,Myanmar,14777,780
892,53595 Turner Mission,West Annmouth,Brazil,3900,53
893,75337 Atkins Divide Suite 143,Lukeberg,Hong Kong,91301,807
894,6669 Gillespie Square,Parkerport,Lesotho,3001,464
895,19031 Thomas Fork Suite 021,Alvarezton,Switzerland,87343,75
896,225 Marshall Mountain,North Ronaldtown,Gibraltar,78889,842
897,412 Clark Forest Suite 019,New Codyhaven,Barbados,33053,739
898,080 Alejandra Lake,Brianview,Kazakhstan,73950,87
899,809 Cynthia Burgs,Sarahton,Honduras,70116,209
900,893 Davis Meadow,Markbury,Netherlands,67905,843
901,1954 Ryan Harbors Apt. 127,East Louis,Cote d'Ivoire,51430,783
902,4441 Castillo Rapids Suite 223,Lake David,Tanzania,72957,15
903,974 Taylor Islands,East Kenneth,Tuvalu,83322,410
904,36536 Charles Roads,Johnsonhaven,Uzbekistan,26897,43
905,2998 Smith Flat,South Erika,Bahamas,66922,740
906,24945 Todd Roads Suite 320,Lake Larryside,Djibouti,3259,551
907,32460 Silva Plaza Apt. 547,New Angelaport,Trinidad and Tobago,40510,263
908,9139 Andrews Wells Apt. 966,South Alexander,Colombia,52538,182
909,834 Ricky Lodge Suite 302,South Rhonda,Nauru,91262,158
910,94247 Melissa Island,South Jake,Peru,60081,750
911,8451 Nguyen Unions Suite 281,Christopherberg,Bolivia,52967,448
912,90383 Hensley Station,Julieton,Uruguay,28366,837
913,76916 Tina Ranch Apt. 101,Ryanmouth,Canada,76882,599
914,34608 Klein Circle,North Jamie,Germany,1361,448
915,233 Christina Branch Suite 848,Rachelton,Lao People's Democratic Republic,90992,362
916,30917 Kerr Greens Apt. 905,Ruthberg,Azerbaijan,88978,256
917,2456 Calvin Union Apt. 719,Proctorburgh,French Southern Territories,16373,38
918,5524 Hunt View,Vaughnburgh,Denmark,9110,901
919,0894 Jocelyn Place Apt. 978,Dixonburgh,Liechtenstein,36870,507
920,48383 Patricia Knolls Suite 915,Palmermouth,Russian Federation,91746,179
921,0096 Melissa Extension Suite 883,Edwinborough,Peru,76721,384
922,402 Todd Station,South Joy,Russian Federation,34618,526
923,78626 Vance Forge Apt. 801,Maddenhaven,Lithuania,11626,796
924,920 Amanda Track Suite 129,East Charlesshire,Azerbaijan,2683,364
925,50850 Smith Overpass Apt. 457,Lake Kevin,Taiwan,45722,70
926,486 Maureen Hollow Suite 124,Port Davidtown,United Kingdom,49494,567
927,1248 Romero Squares,Hectorview,Bulgaria,4007,738
928,850 Amanda Row,Valenzuelashire,South Africa,52302,884
929,17408 Jacob Squares,North Brian,Kiribati,72405,975
930,24551 Breanna Causeway,Harrisonborough,Thailand,24650,214
931,6945 Ward Shore Suite 665,Williamsview,South Africa,29990,469
932,80559 Bauer Squares,Joanneshire,Niger,34466,111
933,99028 Turner Rest Suite 494,Lake Karenview,El Salvador,6405,444
934,2711 Hall Extensions Apt. 583,Clarkmouth,Ireland,15641,900
935,8119 Chad Ridge,Lopezstad,Kenya,37456,268
936,93399 Brittany Hollow,Samanthamouth,Chad,44490,699
937,407 Holly Camp Suite 019,South Valerieside,French Southern Territories,63940,676
938,005 Luna Flat Apt. 029,Port Jamesview,Greenland,44940,289
939,475 Raymond Court Apt. 133,Lake Howardmouth,Tuvalu,8805,89
940,253 Hansen Extension,Garciamouth,Antarctica (the territory South of 60 deg S),14509,483
941,7296 Cindy Station,North Russellland,Zambia,32527,232
942,8811 Waters Drives Suite 868,Ashleychester,Greenland,91096,802
943,0377 Calvin Plaza Apt. 584,Angelaside,Germany,46844,301
944,6381 Jane Pines,Millerfurt,Guadeloupe,55117,175
945,709 Seth Club Suite 049,Lake Morgan,British Indian Ocean Territory (Chagos Archipelago),2878,321
946,13548 Keith Camp,Lake Joseborough,Falkland Islands (Malvinas),67072,236
947,7928 Jeffrey Branch Suite 294,East Travis,New Zealand,61584,625
948,1805 Scott Lane,Michaelview,Nicaragua,50985,164
949,67378 Thomas Spring Apt. 291,Vangfort,Micronesia,91633,890
950,526 Darius Ferry Suite 546,Garyfort,Chad,56364,302
951,84135 Hicks Passage,Ortegaland,Lesotho,46388,650
952,519 Lisa Islands Suite 831,Allenside,Suriname,26933,519
953,87263 Gutierrez Oval,Shawnberg,Egypt,52454,735
954,2958 Skinner Land Apt. 163,West Lisa,United States Minor Outlying Islands,55647,75
955,353 Jonathan Hills Suite 131,Carrollchester,Azerbaijan,71816,286
956,321 Collins Point,West Kendra,Niger,82052,855
957,54386 David Glens,West Brandonmouth,Bahrain,19451,451
958,62961 Lisa Wall,East Leahmouth,Burundi,93874,651
959,1259 Stevens Meadow,Rebeccaside,Togo,94770,77
960,790 Adam Islands Suite 110,Bellborough,Hong Kong,43909,571
961,19305 Wolfe Flat Apt. 454,South Michellestad,Haiti,55707,969
962,0519 Stevens Burgs,Shawnland,Dominica,16631,906
963,2831 Troy Canyon Apt. 058,Port Jonathan,Cayman Islands,67838,728
964,241 Angela Lodge,Lake Lorihaven,Nigeria,98311,116
965,4847 Ruiz Pine Apt. 518,Port Daniel,Holy See (Vatican City State),85447,306
966,056 Thomas Lake,East Cheryl,Namibia,42219,669
967,17566 Campbell Walk Suite 744,Whitneyberg,Malawi,80301,580
968,859 Matthew Passage Apt. 942,Port Brittany,Germany,18920,859
969,41665 Mary Cove Suite 622,North Maryshire,Mauritania,40240,927
970,479 Danielle Port Suite 454,Luischester,Iceland,549,837
971,730 Curtis Crest Suite 701,East Amy,Bhutan,47530,7
972,9576 Mcmahon Cliff Apt. 308,Kennedyfort,Tajikistan,8799,210
973,113 Brandon Pines,Jimfurt,Gabon,66974,309
974,626 Melissa Canyon,Russellborough,Palestinian Territory,62774,521
975,007 Emma Ford Apt. 376,Lake Cristian,Denmark,60865,363
976,62494 Taylor Course Suite 919,Aprilfurt,Equatorial Guinea,57675,231
977,283 Gonzalez Dam,Brockville,Guernsey,54876,821
978,674 Davis Square,North Randyshire,Saint Lucia,44250,979
979,5045 Vincent Plaza,Lopeztown,Saint Pierre and Miquelon,50997,230
980,1145 Winters Plaza,Port Benjaminport,Lithuania,86675,451
981,11138 Margaret Inlet,Darleneshire,Angola,95756,109
982,222 Lane Pike Suite 341,West Stephen,Netherlands,81666,127
983,32630 Ivan Overpass,North Paul,Guadeloupe,75514,222
984,997 Fernandez Fields Apt. 699,South Nicholashaven,Japan,84842,887
985,36506 Hernandez Landing,Walshbury,Sierra Leone,49548,770
986,43986 Peter Ports Apt. 157,West Jason,Northern Mariana Islands,31681,93
987,59765 Munoz Parkway,Juliaville,Cote d'Ivoire,19524,336
988,775 Craig Route,Hallberg,Argentina,42435,627
989,1944 Haley Dam,Williamview,Tuvalu,44845,826
990,29742 Kathy Neck Apt. 344,East Stephanie,Bolivia,22332,220
991,016 Bryan Cove Suite 350,Spearsmouth,Portugal,25983,649
992,49181 Kimberly Park Suite 172,Sarahhaven,Libyan Arab Jamahiriya,71284,88
993,766 Colon Pines Suite 212,Pittmanhaven,El Salvador,47495,211
994,538 Danielle Tunnel Suite 131,Willisville,Philippines,29375,351
995,78029 Cook Island Suite 772,South Kyleville,Pitcairn Islands,71105,154
996,07284 Haley Fields Apt. 084,East Richard,Svalbard & Jan Mayen Islands,20395,792
997,181 Ashley Garden Suite 630,Pearsonside,Norfolk Island,1551,193
998,421 Smith Inlet,Newmanfort,Guernsey,36602,44
999,59614 Carl Forks,Rogersville,Cyprus,18148,957
1000,72494 Martin Loop,Lake Pamela,Saint Martin,8888,654
1001,21645 Kelly Walks,East James,Philippines,41423,726
1002,307 Sullivan Row Apt. 664,West Brenda,Hong Kong,58867,678
1003,69726 Dunlap Club,Darrelltown,Wallis and Futuna,27222,239
1004,75650 Bradley Plaza Suite 786,West Carolyn,Netherlands Antilles,16873,653
1005,589 Horn Meadow,Caseyville,Belize,52022,884
1006,43357 Lopez Mountains,North Williamchester,Oman,40995,985
1007,09097 Deborah Radial,Sandrafurt,Turkey,91375,724
1008,61424 John Spur Apt. 939,Jayside,Faroe Islands,83185,372
1009,6135 Brian Cliffs,Lake Christopherport,San Marino,25996,13
1010,171 Wiggins Stream,East Christopherside,Senegal,75065,922
1011,943 Lee Mountain Apt. 284,East Rebeccabury,Jordan,95095,414
1012,348 Barnett Flat,West Frederick,Isle of Man,64592,472
1013,077 Danielle Gardens,Millerside,Belarus,31465,384
1014,890 Mallory Club,East Barbara,Slovenia,7011,787
1015,2039 Burke Keys,Jasonside,Georgia,64782,530
1016,6391 Mcgee Lodge Apt. 028,Raymondbury,Lebanon,67503,310
1017,6195 Coleman Islands,New Stephen,Reunion,8527,951
1018,3909 Hopkins Ville Suite 276,Angelaville,Ethiopia,80809,209
1019,1785 Mason Stream Suite 109,East Mirandaside,Bahrain,71954,859
1020,763 Jackson Light Apt. 930,Francisstad,Guinea-Bissau,92832,54
1021,45569 Smith Plains Apt. 251,Franktown,British Virgin Islands,46247,990
1022,06174 Rios Motorway,Jacobmouth,British Virgin Islands,99632,229
1023,07138 Christina Alley,Stanleyton,Palestinian Territory,41078,403
1024,46130 Ashlee Summit Apt. 818,Faithhaven,India,1733,572
1025,2188 Cox Club Suite 586,East Joshuaside,Luxembourg,28572,914
1026,5909 Hernandez Plaza,Port Sandratown,French Polynesia,63217,330
1027,984 Leonard Locks Suite 959,Edwardsbury,Aruba,30753,215
1028,82607 Andrea Stravenue Suite 652,New Ericberg,Serbia,42971,673
1029,97109 Michele Run Apt. 725,Petersonborough,Mexico,76587,465
1030,71830 Scott Knolls Suite 101,Mcgeeside,San Marino,45042,491
1031,4723 Miller Knoll Suite 504,Port Keith,Uzbekistan,93896,503
1032,50370 Ortega Parkways Apt. 881,Kellyville,Grenada,8948,953
1033,56517 Jordan Heights Suite 661,Meyersshire,Tonga,13725,942
1034,752 Marshall Islands Apt. 387,Melissachester,Nicaragua,66669,736
1035,17847 Russell Spurs Suite 610,Brettborough,Libyan Arab Jamahiriya,58700,536
1036,97202 Smith Island,Bensonshire,Zambia,19670,983
1037,6350 Rush Hollow Suite 573,South Darryltown,Bermuda,19437,369
1038,85689 Jordan Shoal Apt. 117,Davidburgh,Fiji,38947,110
1039,67358 Michael Streets Apt. 048,Port Matthew,Wallis and Futuna,27490,597
1040,5538 Page Mountains,North Kristinaview,Turkey,68468,598
1041,12285 Melissa Underpass,Parrishhaven,Bangladesh,44855,985
1042,963 Frazier Plaza Suite 957,New Joshua,Liechtenstein,29644,738
1043,40649 Campbell Summit Suite 552,Michellebury,Guernsey,47358,570
1044,2838 Garcia Trafficway,East David,United Kingdom,34289,789
1045,9250 Michelle Villages,Courtneyland,Colombia,27669,281
1046,934 Randall Harbor Apt. 403,Terrybury,Morocco,37301,39
1047,53635 Dixon Lake Suite 359,Melissafurt,Senegal,72525,584
1048,4860 Hood Mall Apt. 376,Lake Scottfort,Bulgaria,25177,60
1049,99970 Lee Coves,Walshmouth,Saint Pierre and Miquelon,47405,829
1050,344 Reyes Isle,Mendezchester,Barbados,17931,801
1051,6278 Anderson Light,Lake Daniel,Serbia,43361,550
1052,33942 Tasha Islands,North Jasonville,Congo,59406,968
1053,6271 Nguyen Run,Angelahaven,Holy See (Vatican City State),59172,188
1054,31727 Smith Mission,Floresview,Timor-Leste,4839,554
1055,68449 Ryan Union Suite 592,Port Benjaminville,China,82488,346
1056,013 Fuller Flat Apt. 677,South Stevenburgh,Slovakia (Slovak Republic),61897,269
1057,566 Moore Stream,Aaronberg,Estonia,95675,134
1058,6207 Barbara Islands,Ritahaven,Iran,32926,763
1059,3515 Jason Walk Apt. 387,Brightchester,Saint Pierre and Miquelon,12632,287
1060,4293 Jennifer Expressway Suite 611,East Frankside,Uganda,40521,680
1061,720 Jenny Causeway Apt. 591,Lake Patrick,Namibia,9898,592
1062,882 Reyes Forge,Ryanville,Niger,551,351
1063,25977 Combs Run,Kimside,Bolivia,5670,583
1064,11632 Jacob Ways,North Dustin,Finland,27395,4
1065,601 Payne Courts,Thompsonside,Pakistan,35180,932
1066,4917 Allen Stravenue,New Kara,Argentina,42398,979
1067,4947 Elizabeth Avenue Suite 867,Huntfurt,Poland,83129,907
1068,803 Lopez Junctions Suite 658,Paulport,Malawi,69143,362
1069,530 Cross Gateway Suite 857,East Johnfort,Aruba,66525,530
1070,132 Moore Circle Suite 147,West Robertton,Christmas Island,33598,337
1071,88148 Timothy Spurs,Port William,Vanuatu,98610,640
1072,380 Rivera Corners Apt. 838,Cynthialand,Serbia,72517,253
1073,34345 Mccormick Manor,Derrickview,Botswana,4941,660
1074,48817 Myers Prairie Apt. 786,South Vickishire,Togo,59976,692
1075,1866 Michael Junctions Suite 435,New John,Niger,78776,46
1076,6048 Curtis Camp Suite 511,North Brenda,Sao Tome and Principe,61330,629
1077,0329 Mosley Key Suite 812,Teresachester,Anguilla,87043,941
1078,5002 Summers Mountains Apt. 537,Rothton,Mayotte,96525,290
1079,5230 Gary Ports,Carterton,Cambodia,65322,732
1080,146 Wilson Springs,Williamsview,Cayman Islands,55153,904
1081,566 Monica Cove Apt. 006,North Erin,Kazakhstan,56387,151
1082,7558 Powers Avenue Apt. 911,Devinstad,Western Sahara,6651,938
1083,051 Johnson Key Suite 385,Jasonmouth,El Salvador,21102,892
1084,5283 John Branch Apt. 124,Lake Rodneyberg,Kenya,23678,617
1085,41190 Daniels Curve Suite 846,Rileyfurt,Lao People's Democratic Republic,83232,524
1086,55438 Todd Islands Suite 655,Hernandeztown,Antarctica (the territory South of 60 deg S),99808,172
1087,0854 Glenn Tunnel Suite 931,North Christopherbury,Senegal,55461,241
1088,773 Porter Lake Apt. 958,Port Ryanhaven,Korea,64188,358
1089,3073 Michelle Overpass Suite 748,Davidfort,Botswana,65732,568
1090,05582 Lindsay Pine,Franciscoside,Jersey,26670,973
1091,3385 Mendez Ranch Apt. 411,Davenportside,Finland,74846,178
1092,6358 Kim Fall Apt. 908,Kristinahaven,Argentina,47778,940
1093,499 Bonnie Springs Apt. 179,Brownfurt,Turkey,37977,351
1094,3207 Gibson Lakes Suite 513,Lake Paul,Liechtenstein,19782,494
1095,808 Jennings Locks,New Christopherbury,Malaysia,37630,202
1096,519 Emily Place,Duranborough,Sudan,13087,16
1097,8550 Courtney Tunnel Apt. 145,Woodwardport,South Africa,21443,1000
1098,684 Burke Street Apt. 295,Jamesstad,Spain,72244,34
1099,070 Robinson Summit,Johnsonchester,Guadeloupe,44990,91
1100,86685 Knox Burg Apt. 302,Campbellview,Haiti,51153,195
1101,752 Kendra Burg Suite 191,New Seanport,Cameroon,4725,682
1102,0034 Gonzalez Green,Port Janet,Palau,61504,264
1103,93703 Darren Heights,Colemanstad,French Guiana,67537,12
1104,631 Becker Junctions,Robertsview,Syrian Arab Republic,34497,948
1105,21502 Jose Pass Apt. 310,Katherinemouth,Zambia,90457,139
1106,3352 Dean Cliffs Suite 107,South Josephmouth,Lesotho,95489,917
1107,957 Christine Square Suite 992,Lake Steven,Netherlands,76758,228
1108,441 Palmer Wells,Steinberg,Brunei Darussalam,30606,77
1109,378 Douglas Inlet,North Melanie,South Africa,92180,143
1110,126 Joshua Grove Apt. 357,Port Noahview,Senegal,45073,215
1111,5685 Roger Path,East Richardville,Ireland,74796,607
1112,667 Kenneth Unions Suite 496,Port Danielshire,Greece,43776,460
1113,32231 Evans Courts Apt. 798,Lake April,Saint Barthelemy,46878,593
1114,4856 Castillo Trail Suite 933,New Thomas,Guatemala,54251,68
1115,88805 Howell Squares,South Joshua,Tokelau,84581,529
1116,04003 Brown Mall,Marksfort,Zambia,91035,974
1117,47329 Ashley Stream,East Emily,Vanuatu,53965,966
1118,00658 Garcia Summit Suite 906,Benjaminborough,Saint Pierre and Miquelon,61215,938
1119,1503 Levy Haven Apt. 682,Smithview,Palau,45169,483
1120,7755 Huang Loop,Cowanburgh,Georgia,22322,172
1121,01517 Grant Glens Apt. 238,Lake Katherine,New Zealand,25428,19
1122,42127 Brown Locks Apt. 553,Parkview,Bahamas,5239,362
1123,142 Sandra Unions Suite 165,Lisaton,Mayotte,37926,273
1124,666 Sanders Hills,Lake Peter,Saint Martin,62414,160
1125,01788 Tiffany Bridge Apt. 036,Flemingmouth,India,60880,230
1126,5879 Sherman Springs Suite 887,South Donna,Switzerland,64732,205
1127,3805 Roy Tunnel,Howellmouth,Portugal,11960,944
1128,411 Hart Villages Suite 846,North Taylor,Cook Islands,65925,643
1129,4986 David Road Apt. 738,South Gary,Rwanda,40028,29
1130,25321 James Isle,Franklinborough,Andorra,27433,981
1131,56380 Long Points Suite 111,Strongfurt,Brazil,84402,610
1132,18282 Robert Passage,Scottberg,Thailand,25336,175
1133,9523 Kathleen Ranch,South Chad,Mongolia,64874,523
1134,68598 Rice Spring,South Rosebury,Iraq,51981,619
1135,755 Christopher Spring,Port Jessicachester,Malaysia,52712,353
1136,7300 Graham Track Suite 573,Lake Daniellefurt,Tuvalu,53807,698
1137,80934 Harrington Run,Michaelchester,Angola,80169,239
1138,34458 Tara Keys,New Robertchester,Turkmenistan,97454,589
1139,957 Rivers Ridges,Port Janicechester,Iran,40334,632
1140,9367 Graham Island Apt. 721,Martinburgh,Puerto Rico,9732,418
1141,766 Amanda Trace,New Greggmouth,Germany,71413,179
1142,4517 Michael Way,Kingside,Algeria,71858,983
1143,344 Ruth Bridge Apt. 926,New Kirk,Sri Lanka,65175,311
1144,397 Gallegos Dam,Hayesport,Luxembourg,28917,421
1145,70962 Kristin Ford,New Elizabeth,Gibraltar,55360,72
1146,7788 Chris Island Suite 281,Jensenland,Mayotte,8697,369
1147,78767 Tiffany Mission,South Jermaineview,Congo,59878,807
1148,0594 Padilla Branch,South Jeremiah,Senegal,37617,168
1149,2620 Sean Mount Apt. 011,Lake Douglas,Slovenia,87387,493
1150,3013 Edward Viaduct Suite 033,Charlesborough,Georgia,68327,493
1151,4708 Shaw Hills,Jacquelineport,Martinique,48303,706
1152,89218 Linda Street,West Dorothyton,Morocco,68340,429
1153,9309 Strong Turnpike,West Zachary,Tuvalu,25070,1
1154,328 Haley Trail,Michellemouth,Guernsey,71319,960
1155,70145 Wheeler Keys,South James,Gabon,75125,73
1156,76538 Candice Mission Apt. 589,South Adam,Japan,21469,170
1157,33684 Elizabeth Fords,Garytown,Korea,78651,718
1158,1771 Penny Crescent,Lake David,Senegal,2171,394
1159,8460 Davenport Creek Apt. 888,South Marieberg,Mongolia,69510,726
1160,0264 Baker Wall Suite 612,Millerchester,Lithuania,38032,288
1161,3324 Heather Mews Suite 737,West Jeffery,Mayotte,85011,769
1162,42421 Alvarez Forks Apt. 676,Jamesfurt,Honduras,94511,485
1163,500 Zoe Flats,Olsentown,Rwanda,6720,416
1164,2365 Garner Cliffs Apt. 765,Gabriellefurt,Chile,59090,343
1165,3960 Richard Rapids Suite 920,Sextonmouth,Malawi,16358,44
1166,8672 Brittney Brooks Suite 589,Christyville,French Guiana,60967,342
1167,7698 Shaw Junction,Sanchezside,Mongolia,21235,323
1168,071 Bruce Motorway Apt. 737,Bradleybury,Guatemala,62829,679
1169,92445 Thompson Knolls Apt. 123,Leonport,Panama,17307,148
1170,91981 Rebecca Roads,Lake Jerry,Montenegro,84640,610
1171,907 Owens Brooks Apt. 297,Frankmouth,Sao Tome and Principe,35804,476
1172,113 Donna Pines Apt. 645,Lake Michaelport,Puerto Rico,4630,909
1173,487 Jackson Brook Apt. 115,Brownbury,Kazakhstan,31985,11
1174,34780 Sanders Lane,Martinland,Uruguay,21257,429
1175,16107 Claudia Street,New Amanda,Micronesia,37454,903
1176,1773 Mary Lodge,Melissahaven,Japan,24512,509
1177,179 Alyssa Lodge Suite 429,Christopherberg,Netherlands Antilles,79088,403
1178,7613 Baker Harbor,Pamelastad,Lithuania,97382,402
1179,04342 White Station Suite 244,Lake Courtney,Afghanistan,46780,609
1180,152 Jasmin Village,West Amyborough,Burkina Faso,98586,159
1181,3780 Alvarez Square Apt. 585,Karenstad,French Guiana,86234,744
1182,9799 Kelley Mission Apt. 210,Ashleyhaven,Bhutan,31646,622
1183,7705 Michael Valleys,South Cynthiaborough,United Kingdom,27103,382
1184,885 Jeffrey Plains Apt. 059,Spencermouth,Sao Tome and Principe,32940,293
1185,9903 Timothy Center Apt. 690,Port Jacob,Cyprus,24574,155
1186,69961 Robert Harbors,New Charlesburgh,Kenya,65338,790
1187,613 Bruce Ford,Port William,China,22635,183
1188,27290 Compton Ford,Lake Heatherside,Norway,42159,550
1189,4814 Gilmore Center Apt. 176,Anthonyton,Cuba,74265,389
1190,664 Peters Road Apt. 571,East Heatherside,Guyana,3844,349
1191,095 Troy Forges Suite 006,Michaelside,Palau,46982,731
1192,3797 Christopher Shoals,West Juan,Malawi,85675,316
1193,2968 Angela Court Apt. 547,Jenniferhaven,Tunisia,36615,459
1194,265 Torres Ports Apt. 178,West Shawn,Angola,56672,904
1195,938 Cole Center Apt. 296,West Thomasland,Latvia,62297,300
1196,290 Gregory Keys Apt. 904,Williamsview,Cuba,3198,544
1197,11106 Christopher Crossroad Suite 386,Port Sheenaton,United Arab Emirates,23276,4
1198,5676 Mckinney Rapids,Carolineburgh,Nepal,38549,537
1199,426 Williamson Plain Suite 428,Barryton,Burundi,20630,314
1200,636 Morris Skyway,Alvaradochester,French Polynesia,76040,210
1201,41681 Wilkinson Cliffs,Lake Maureenmouth,Vietnam,1918,554
1202,115 Samantha Viaduct Apt. 847,Port Jenniferberg,Gambia,75691,980
1203,373 Lewis Knoll Apt. 102,South Taylor,Reunion,33405,914
1204,4100 Hall Lock,East Karenland,Svalbard & Jan Mayen Islands,66631,453
1205,7843 Lindsey Courts Suite 618,Williamstad,Faroe Islands,93524,846
1206,182 Jarvis Plaza,Lake Beth,United Kingdom,28974,573
1207,59127 Edward Lodge Apt. 574,North Lisa,Czech Republic,95747,200
1208,411 Jacob Field,West Larryshire,Spain,35861,270
1209,8272 Jeffrey Shoal Suite 751,Nguyenland,Zambia,10364,269
1210,77139 Amber Neck,Williamsville,New Zealand,23308,286
1211,8636 Clayton Drives,Wrightmouth,American Samoa,12244,350
1212,538 Hobbs Grove,West Jennifer,Sri Lanka,45360,890
1213,6238 Leslie Flats,Markmouth,Hong Kong,86413,703
1214,35833 Schmidt Brooks,New Davidhaven,Moldova,83842,225
1215,7772 Rush Orchard,Whiteville,Jordan,89668,210
1216,3824 Nguyen Stravenue,South Harryland,Iceland,9900,955
1217,686 Nelson Garden Apt. 937,East Meghanberg,El Salvador,15293,63
1218,578 Jones Plain Suite 553,Lake Jeremystad,Guinea-Bissau,61687,460
1219,1454 Lopez Throughway,North Katherine,Togo,86116,409
1220,69867 Kim Place,Lake Robertoside,Afghanistan,95729,894
1221,3732 Michael Groves Suite 501,South Caitlin,Burundi,40246,869
1222,10707 Austin Garden Apt. 610,Deanton,Chile,38217,213
1223,33114 Allen Shoals,Leemouth,Cambodia,7117,924
1224,577 Jorge Inlet Suite 337,Jonesstad,Bulgaria,19827,132
1225,320 Steven Trail Suite 328,Townsendmouth,Syrian Arab Republic,75677,577
1226,214 Morales Circle Apt. 921,Barkermouth,Kyrgyz Republic,24940,65
1227,79955 Summers Ramp Suite 477,South Shannon,Ukraine,40623,206
1228,1836 Benjamin Valleys Apt. 681,Lake Laurenstad,Martinique,11153,829
1229,808 Hull Radial Suite 000,Lake Dawn,Mexico,19343,742
1230,56226 Jennifer Brook,New James,Pakistan,80018,414
1231,0918 Smith Ford,North Johnfurt,Cape Verde,84575,597
1232,94040 Michael Point Apt. 395,Lopezhaven,Aruba,65834,630
1233,995 Jacqueline Wall Apt. 271,Chanbury,Moldova,2069,802
1234,434 Kelly Lakes,West Christianfort,Congo,17967,148
1235,619 Leah Drive Apt. 698,Stephensborough,Gambia,99939,400
1236,13906 Estrada Land,New Rhonda,Martinique,48125,971
1237,1415 Hines Vista Suite 643,Port Masonfurt,Singapore,71436,3
1238,63442 Kenneth Spur Suite 377,North Anthony,Nepal,8321,944
1239,593 Angela Circle Apt. 268,West Cynthiamouth,Netherlands,68632,153
1240,50378 Hawkins Manors,New Linda,Guinea-Bissau,60062,274
1241,7434 Jackson Summit Suite 283,South Miranda,Madagascar,80895,387
1242,1441 Blake Fords Apt. 639,Christopherbury,Togo,91828,44
1243,8744 David Landing Apt. 810,South Heiditon,Jordan,68773,794
1244,42863 Peter Vista Apt. 238,Cooleybury,Switzerland,77344,481
1245,64132 Catherine Light,Port Gail,Djibouti,52513,657
1246,0263 Prince Trail,Davidtown,United States Minor Outlying Islands,97961,946
1247,30016 David Islands Apt. 387,East Jayview,United States Virgin Islands,8713,263
1248,185 Gregory Green,Kellychester,Spain,24318,500
1249,9487 Mark Spur,Katelynshire,Serbia,80473,984
1250,338 Charles Coves,Lake Robertberg,El Salvador,85332,967
1251,946 Brooks Avenue Suite 315,East Mariabury,Australia,14107,390
1252,97540 Rodriguez Court,Josephville,Belize,69446,203
1253,1573 Benjamin Skyway Apt. 998,Port Christopher,Sri Lanka,38303,960
1254,5900 Flores Mountains,South Kendra,Zambia,90276,694
1255,986 Michael Bridge,South Allenfurt,Mozambique,60552,410
1256,49071 Sandra Brook Suite 979,Timothyport,Central African Republic,56029,681
1257,6258 Riley Stravenue,Blackburnstad,Iceland,75892,904
1258,0423 Solis Rapids,New Elizabethport,Cape Verde,42348,328
1259,738 Jonathan Stream Apt. 073,Justinhaven,Tanzania,41666,272
1260,3684 Christopher Springs,Jessemouth,Peru,49347,96
1261,7707 Cochran Lock,Haleport,Taiwan,86065,72
1262,562 Reid Springs,New Thomasborough,Cocos (Keeling) Islands,2213,356
1263,8334 Campbell Square,Timothyberg,Niger,12743,577
1264,78488 Patrick Stravenue,Delacruzside,Christmas Island,40485,742
1265,0963 Johnson Plain,North Victoria,Malaysia,58244,899
1266,955 Allen Mall,South Matthewtown,Romania,43415,460
1267,3601 Jesse Keys,Lake Patricia,Sierra Leone,21209,901
1268,46768 Huff Plaza Suite 234,South Philip,Cape Verde,12320,37
1269,610 Ryan Terrace,Elliottbury,Bermuda,34948,303
1270,55136 Jill Rest Apt. 673,Wellsside,Nepal,69993,219
1271,0063 Garner Mills,Port Brentton,Reunion,24274,544
1272,61142 Krystal Underpass Suite 429,Brentborough,Thailand,41398,402
1273,54163 Hamilton Lake Apt. 953,Velazquezborough,Gambia,25223,489
1274,96041 Laura Camp,New Reginald,Trinidad and Tobago,66471,141
1275,2371 Brown Prairie,Morganton,Brazil,59670,104
1276,35872 Martinez Manor Apt. 174,New Jamie,Nigeria,97038,931
1277,1415 Lynn Extension,North Jonathanshire,Rwanda,39247,799
1278,585 Lewis Mountain Apt. 292,West Sonya,Azerbaijan,93199,459
1279,688 Dougherty Mountains Apt. 170,Hughesville,Saint Kitts and Nevis,72826,381
1280,08749 Ricky Ferry Suite 246,North Devin,Thailand,33074,765
1281,747 Mcdaniel Glens Apt. 752,Nancystad,Ecuador,30517,575
1282,44743 Mills Trail,Peggymouth,Barbados,85327,820
1283,62597 Angel Lake Apt. 288,New Brooke,Croatia,94876,108
1284,28718 Mccall Garden,East Miguelton,Mali,23362,400
1285,4869 Acosta Unions,West Krystal,French Southern Territories,79388,401
1286,11280 Cunningham Lodge,Port Sarah,Sudan,6187,567
1287,93614 Smith Road,South Anthonychester,Swaziland,69766,150
1288,0428 Bell Loop Suite 268,West Samantha,Monaco,76492,310
1289,27967 Michele Walk,Monicachester,Jersey,9440,811
1290,2391 Michael Walk,Diazton,Congo,75410,317
1291,3972 Antonio Points Suite 913,Lake Michaelville,New Caledonia,90723,873
1292,56052 Jackson Crossing Suite 774,New Tara,Dominica,13306,485
1293,91050 Elizabeth Camp,South Christina,Vietnam,68736,817
1294,6302 Calvin Stravenue,Brandiview,Myanmar,39577,833
1295,484 Michael Branch,New Matthewhaven,Bahrain,4004,769
1296,9373 Dakota Junctions Suite 336,Gonzalezshire,Belgium,87003,102
1297,4841 Carolyn Lodge Apt. 233,Freychester,Thailand,66966,340
1298,96183 Brian Flat,Port Curtis,France,92494,217
1299,07158 James Radial,West Laurafort,Tuvalu,50359,328
1300,23682 Mitchell Flat Suite 758,Stephenshaven,Saint Barthelemy,937,238
1301,0595 Stacy Locks,Lake Dennisbury,Iceland,3494,557
1302,405 Munoz Land,Lake Margaretside,Norway,83912,512
1303,620 Patel Terrace,North Samuelchester,Benin,27114,929
1304,409 Caldwell Underpass,Mcneilfort,Guinea,9471,236
1305,88361 Carr Expressway Suite 660,New Amber,Malaysia,79597,234
1306,324 Young Tunnel,Briannachester,Macao,21291,752
1307,5123 Martinez Mountain Suite 163,Samanthaberg,Angola,72498,381
1308,0895 Holly Lodge Apt. 350,South Keithborough,Poland,44738,975
1309,41449 Robin Cliffs,Charlesshire,Bhutan,82716,323
1310,924 Spencer Villages Suite 691,New Rachelmouth,French Polynesia,29812,878
1311,70634 Gilbert Crossroad Apt. 030,Jacksonstad,Grenada,1330,850
1312,8598 Leslie Ports Suite 332,Hamiltonland,Equatorial Guinea,62985,11
1313,8517 Stewart Square Apt. 237,Tiffanyhaven,Faroe Islands,71858,804
1314,15216 Jensen Branch Apt. 459,Mathewfort,Saint Kitts and Nevis,6633,111
1315,709 Jennifer Vista,Campbellborough,New Zealand,68083,487
1316,4585 Michael Way Suite 421,South Thomas,Timor-Leste,54977,556
1317,2917 Davis Crossing,New Richard,Malawi,31669,445
1318,94454 Andrew Drive Apt. 404,Port Michele,Northern Mariana Islands,84614,998
1319,753 Amber Village Apt. 352,East Kathy,Ghana,68701,688
1320,55299 Rebecca Dale,Allisonfort,Malta,81106,197
1321,6034 Robert Extensions Suite 795,North Michelleville,Ecuador,17108,259
1322,05471 Decker Rapid,Paulberg,Bhutan,50843,70
1323,73761 Lee Parkways Suite 787,Andremouth,Singapore,64392,635
1324,263 Robert Rest,Michaelshire,Norfolk Island,33975,523
1325,630 Douglas Isle Suite 558,East Michaelfort,Poland,64516,592
1326,183 Craig Fort Suite 860,South Jeffrey,Samoa,72633,744
1327,0622 Rhonda Walk,New Michaelside,Kenya,52013,539
1328,03877 Miller Dam,Walkerchester,Monaco,78858,890
1329,96070 Williams Plaza Apt. 309,Powersmouth,Tanzania,51925,281
1330,62519 Dennis Center,Ebonyhaven,New Caledonia,8375,305
1331,896 Garrett Camp Suite 948,Waltersstad,Kuwait,90975,309
1332,97252 Paul Square,New Michael,Samoa,79502,568
1333,4300 Glenn Keys,Thomasport,Serbia,48471,66
1334,44676 Nathan Avenue,East Ashley,Poland,60547,777
1335,813 Roman Dale Suite 725,Kathleenberg,Solomon Islands,99005,535
1336,434 Benson Dam Apt. 834,Briannachester,Micronesia,30990,740
1337,1246 Carolyn Camp Suite 682,North Laura,Cambodia,55267,592
1338,971 Patrick Trafficway,New Elizabethtown,Tuvalu,11183,817
1339,159 Elizabeth Freeway,East Kevinview,Guinea,38891,510
1340,79788 Justin Street,Seanview,Mali,57810,883
1341,60724 Tiffany Pike Suite 566,Port Barbaratown,Mauritius,56674,519
1342,25177 Wiggins Path Suite 584,North Frank,Trinidad and Tobago,80210,93
1343,2332 Charles Grove,Serranobury,South Georgia and the South Sandwich Islands,30401,261
1344,1392 Burns Freeway,South Laura,Cape Verde,21154,721
1345,771 Perez Spring,Natalieborough,Nauru,87046,830
1346,3757 Smith Green Apt. 939,East Brittanyborough,Syrian Arab Republic,17246,615
1347,5966 Cantu Crescent Apt. 960,East Cynthiachester,Argentina,73314,948
1348,7554 Benjamin Avenue Suite 886,Kerrbury,Nigeria,56041,266
1349,713 Rose Points Apt. 439,Erictown,Samoa,76436,757
1350,8707 Jonathan Lights Suite 191,Port Mark,Solomon Islands,91162,713
1351,3697 Joseph Freeway Suite 798,New Sarastad,Bolivia,92770,38
1352,65265 Nathan Hills Apt. 317,Port Kimberly,Russian Federation,19098,513
1353,85578 Flores Summit Suite 502,South Shannonstad,French Polynesia,87507,260
1354,565 Donna Turnpike,North Kathrynhaven,Haiti,51089,258
1355,041 Austin Hills Suite 043,Turnerberg,Saint Helena,16627,591
1356,134 David Springs Suite 370,New Michelle,Trinidad and Tobago,77370,92
1357,404 Rivera Underpass Suite 907,East Nathanfurt,Vietnam,42560,819
1358,4349 Martin Hill Suite 853,New Sean,New Caledonia,31924,176
1359,37765 Bennett Loop Suite 750,Port Michael,United States Minor Outlying Islands,54345,834
1360,973 Farley Brook,Jeremyside,Georgia,95353,977
1361,31594 Sierra Corners Suite 087,Lake Jessicaland,Singapore,65502,100
1362,93286 Wells Points Suite 070,West Dorisbury,Christmas Island,58384,532
1363,8000 Tate Glens,Brownmouth,Switzerland,56269,426
1364,4561 Gary Shoals,Jonesmouth,Micronesia,53886,966
1365,87911 Dwayne Manor Apt. 633,Frankbury,Nicaragua,56778,830
1366,64063 Shepherd Way Suite 353,Smithbury,Czech Republic,68826,230
1367,300 Herman Avenue Suite 636,Ashleyshire,Guam,5911,620
1368,958 Laura Meadows Apt. 516,Christopherhaven,Spain,96351,279
1369,295 Allen Wall Suite 924,South Amberland,Grenada,28458,648
1370,4807 Perez Spur,Ochoafurt,France,99856,441
1371,782 John Causeway,Leonardland,British Indian Ocean Territory (Chagos Archipelago),40049,540
1372,956 Edward Grove Suite 142,Tiffanyville,Denmark,31181,616
1373,05581 Patricia View Apt. 759,Floresstad,American Samoa,23116,484
1374,78662 Sutton Station,Veronicamouth,Madagascar,36993,267
1375,757 Julie Cape,East Davidview,Kenya,27867,383
1376,13999 Stephanie Inlet,Port Maryville,Bahrain,63537,821
1377,1287 Lucas Trace,Greenfort,Greenland,59346,263
1378,220 Wright Canyon Apt. 448,New Judithfurt,Svalbard & Jan Mayen Islands,60521,278
1379,94411 Ryan Loop Apt. 170,Gregoryville,Bouvet Island (Bouvetoya),32862,787
1380,27785 Jonathan Crest,East Dakota,Brazil,26010,237
1381,7753 Andrea Brook,Cooperchester,Tuvalu,82483,341
1382,30709 Logan Place Suite 710,East Ana,Tajikistan,99934,568
1383,6007 Dennis Common,Port Gabrielburgh,Angola,71083,585
1384,5209 Brown Viaduct Apt. 853,North Gary,United States Virgin Islands,61582,936
1385,81656 Lisa Heights Suite 212,West Jenniferfort,Western Sahara,40733,350
1386,158 Michelle Shoals,Williamsbury,Moldova,4603,434
1387,2133 Reynolds Wells Suite 701,North Randymouth,El Salvador,68240,100
1388,79481 Jennifer Brook Suite 424,Laurenstad,Peru,62207,937
1389,454 Malone Expressway Apt. 941,Mckinneyberg,Bangladesh,52402,773
1390,71069 Erica Plains Suite 732,South Kevinville,Venezuela,55210,656
1391,3836 Rodgers Trail,East Kelly,Lithuania,97574,769
1392,67030 Katherine Wall,Morrisonton,Guinea,20125,309
1393,137 Michael Port Apt. 635,Cainville,Nauru,7076,401
1394,200 Lori Course Apt. 638,Lake Robert,Swaziland,26096,386
1395,12404 Thomas Radial,New Jenniferhaven,Eritrea,36248,480
1396,169 Christine Gateway,South Anthonyshire,Cuba,94159,565
1397,228 Contreras Passage Suite 148,East Joseph,Tonga,92350,162
1398,902 Mcguire Station,South Lisaview,Grenada,53116,383
1399,1931 Ward Radial Apt. 157,Andersonburgh,Sweden,99557,865
1400,33506 Rhodes Manor,Jennifermouth,Czech Republic,32425,964
1401,482 James Road,West Heather,Isle of Man,83589,378
1402,5043 Ewing Bypass,Heathermouth,Panama,75668,538
1403,4606 Jonathan Village,Grayburgh,Albania,89812,344
1404,14991 Ashley Station,West Sara,Cuba,82993,578
1405,3868 Hannah Tunnel Suite 407,South Jacqueline,Luxembourg,32015,921
1406,28729 Judith Crossroad,West Markview,Korea,63101,191
1407,1669 Marshall Glen,East Kristi,Poland,53814,273
1408,096 Maddox Via Apt. 442,North Carrieview,Tajikistan,57473,491
1409,7271 Pamela Flats,Lake Leslie,Burkina Faso,54073,491
1410,42846 Tiffany Path Apt. 981,West Christian,Eritrea,87321,677
1411,778 Kyle Lock Apt. 654,New Robert,Marshall Islands,97372,755
1412,118 Smith Run Suite 219,Burtonmouth,Sweden,92272,2
1413,52078 Jamie Curve Apt. 492,Dukefort,South Georgia and the South Sandwich Islands,21090,956
1414,0163 Kimberly Shores Apt. 286,West Carolynshire,Cyprus,33439,891
1415,01042 Ross Mountain Apt. 559,Williamtown,Germany,48045,73
1416,9921 Michael Expressway Suite 685,East Jennifer,Congo,93722,648
1417,611 Kelley Mills,West Brian,Djibouti,84118,140
1418,4481 Johnson Meadow Apt. 926,Adamsbury,Chile,68229,573
1419,50545 Norman Ridge Apt. 496,Carterchester,Saint Martin,61835,503
1420,76999 Kline Ports,Smithfurt,Tunisia,62438,20
1421,5291 Kyle Estate,West Tanner,Cote d'Ivoire,50653,889
1422,70894 Combs Turnpike Apt. 188,West Andrewfort,Ghana,37046,721
1423,75109 Karen Brook Suite 541,Maldonadoland,Cuba,18100,7
1424,7685 Matthew Drive Apt. 709,Lake Michaelshire,Singapore,82142,167
1425,6888 Andrew Springs,Port Carrieview,Nicaragua,99470,168
1426,8989 Robin Square Apt. 428,Maryhaven,Gambia,78600,485
1427,4188 Thomas Walk,Wileyport,Lao People's Democratic Republic,41122,215
1428,251 Russell Squares Apt. 373,Samanthafurt,French Polynesia,28834,305
1429,96957 Evans Forest Suite 856,Parkerland,Croatia,55000,703
1430,444 Brown Plains Apt. 611,West Donnafurt,Antarctica (the territory South of 60 deg S),83644,368
1431,940 Combs Trace,North Robertshire,Andorra,82119,559
1432,239 Johnson Causeway,Pricemouth,Mexico,64216,474
1433,8018 Sullivan Dam Apt. 586,Lake Sabrina,Russian Federation,48177,863
1434,7000 Weber Drive,North Aliciaport,Niue,8107,385
1435,72231 Sarah Station Suite 568,New Jimmy,Spain,63605,362
1436,79650 Leslie Village Suite 677,Danielshire,Mauritius,2742,472
1437,37039 Jorge Orchard Suite 815,Robinsonburgh,Indonesia,93774,589
1438,3533 Sherry Key,North Travis,United States Minor Outlying Islands,71755,559
1439,53495 Vanessa Shore,Wilsonfort,Indonesia,47120,755
1440,893 Bell Route,East Ellenhaven,Chad,12515,531
1441,3664 James Court Suite 542,South Janiceland,Nepal,1090,390
1442,010 Perez Vista,Lake Davidville,Cook Islands,25790,530
1443,6590 Stevenson Orchard,Allenside,Madagascar,57412,717
1444,0003 Mendoza Garden,East Jennifer,Sierra Leone,63571,506
1445,79528 Whitney Cape,North Lucas,Timor-Leste,25436,337
1446,7252 Bird Alley,Joshuabury,Nauru,10160,786
1447,93740 Craig Mission Apt. 153,South Gregory,Macao,45417,264
1448,3150 Tyler Mountain,Boydmouth,Kyrgyz Republic,45782,217
1449,360 Michael Inlet,Lewisville,Kyrgyz Republic,70776,322
1450,8232 Andrew Cape,Port Elizabeth,Papua New Guinea,73507,648
1451,553 John Pine Suite 629,Cathyshire,Zimbabwe,87020,704
1452,7492 Patricia Trail,Christopherville,Guinea,52213,838
1453,9964 Amy Island,Martinchester,Turks and Caicos Islands,82015,532
1454,7808 Wanda Ridge Apt. 806,East Linda,Saudi Arabia,47071,873
1455,910 Foster Fork Suite 843,Wongside,Lithuania,8845,449
1456,7688 Heather Forges,Lake Paulborough,Bulgaria,97663,37
1457,0839 Norman Junction Suite 657,Floresbury,Saint Lucia,73152,931
1458,35356 Lisa Loop,Derektown,Isle of Man,29963,754
1459,71503 Elizabeth Ports,West Sandraport,Cook Islands,95816,256
1460,52516 Vincent Divide Suite 585,East Charlotteborough,Netherlands Antilles,1443,763
1461,55483 Ashley Corner Apt. 393,Liville,Nepal,77375,447
1462,29063 Estrada Dale,Cookbury,Sudan,93678,586
1463,57052 Heidi Motorway Apt. 235,New Corey,Myanmar,70961,902
1464,81341 Joanna Dale,Austinberg,Central African Republic,41538,600
1465,93457 Grimes Loop Suite 222,Waltonside,Burundi,68230,271
1466,58458 Rowe Plains,East Rebeccastad,Saint Pierre and Miquelon,28295,926
1467,682 Bell Springs,Hornfurt,Suriname,71614,30
1468,487 Tyler Plain Apt. 683,Rebeccaview,Moldova,35832,114
1469,6467 Rodriguez Groves,Johnsonview,Guinea,35967,731
1470,17835 Caldwell Pines,Erinborough,Trinidad and Tobago,47448,86
1471,923 Peterson Ford,Grayton,Korea,62107,8
1472,566 Mayer Overpass,Crystalville,Luxembourg,74879,504
1473,8711 Jennifer Vista,New Samanthaborough,Nicaragua,56715,356
1474,15965 Anderson Spring Suite 788,Gonzalezland,Nepal,87676,826
1475,19225 Ronald Path,North Jessicamouth,Guinea-Bissau,28537,340
1476,11271 Kimberly Street,West Stephen,Cyprus,606,427
1477,3582 Justin Spring Suite 406,South Christopher,Isle of Man,89722,22
1478,68398 Weber Dam,Brendaberg,Czech Republic,29910,567
1479,6398 George Crest,Whitneychester,Iran,47914,516
1480,9685 Pruitt Squares Suite 350,Palmermouth,China,26144,936
1481,2507 Robertson Common Suite 783,Scottmouth,Bhutan,13750,858
1482,645 Smith Heights,Jenningsport,Cuba,22482,417
1483,442 Gibson Islands Apt. 085,West Kelly,Netherlands Antilles,62008,85
1484,75177 Kimberly Center,Justinburgh,Holy See (Vatican City State),4131,772
1485,890 Felicia River,Dustinville,Liechtenstein,30240,258
1486,153 Bonnie Tunnel,New Johnfort,Tunisia,22772,416
1487,71359 Mathew Turnpike,East Jamesland,Comoros,19281,956
1488,6150 Gerald Ville Suite 533,Samanthaberg,Uruguay,35746,577
1489,249 Traci Wells Suite 274,Steinbury,Mali,73437,995
1490,764 Hayley Forges,North Megan,Brunei Darussalam,25326,778
1491,729 Levine Hills Apt. 295,Garciafurt,Norway,63839,280
1492,2231 Joshua Ridge,Brightfurt,Palestinian Territory,60003,220
1493,105 Coleman Center Apt. 995,Carterland,Belize,99305,97
1494,486 Debra Fort Apt. 679,Paulaborough,Suriname,40867,543
1495,935 Stevenson Lake Apt. 963,East Nancyton,Pakistan,17002,255
1496,2719 Leslie Estates Apt. 708,Port Jesus,Martinique,27219,718
1497,230 Vazquez Mountains,New Stevenport,Albania,44490,273
1498,4274 Santos Turnpike,West Amandamouth,Congo,55477,722
1499,3807 Curtis Crossing Apt. 035,North Jenniferburgh,Albania,71394,622
1500,036 Mann Falls Suite 934,Sandersburgh,Finland,56008,281
