customer_id,customer_name,email,phone,created_at
1,Kimberly Hansen,austinsimpson@example.net,+1-338-826-8972x495,2024-01-01
2,Mary Berg,kevinmartin@example.com,+1-554-411-1898x06074,2023-12-25
3,Kevin Fisher,kristinrogers@example.net,3495026443,2024-05-11
4,Lawrence Chambers PhD,hayescaleb@example.net,314-635-2761x648,2025-07-12
5,James Barnes,pricelogan@example.net,001-642-535-7826x8033,2024-09-15
6,Anthony Wright,adamevans@example.net,+1-811-986-5498,2025-07-19
7,David Smith,alewis@example.com,(204)426-3975,2025-04-20
8,Kimberly Lee,millerrobert@example.com,001-309-973-4284x5079,2025-09-05
9,Kristin White,hfritz@example.net,+1-950-619-1608x199,2024-07-06
10,Patrick Berry,kosborne@example.com,844-753-3394,2024-01-10
11,Steven Adkins,gabrielle47@example.org,(929)622-4557,2025-01-27
12,Donald Wells,sara40@example.net,810-995-0138,2024-01-12
13,Matthew Nelson,vreynolds@example.org,+1-798-911-6132x969,2023-12-19
14,Melvin York,landryemily@example.org,(744)565-4144,2024-08-09
15,Meghan Rasmussen,wagnerdestiny@example.org,392-870-2674x07089,2025-09-05
16,Desiree Mcneil,paula23@example.net,919.716.7910x885,2024-07-03
17,Deborah Long,alexis49@example.net,689.936.6657x6587,2024-04-06
18,Kyle Garcia,nowens@example.net,232.907.5976,2024-02-03
19,Paula Hicks,mbrewer@example.org,(738)960-7439x5647,2023-11-21
20,Molly West,ybrown@example.com,(580)609-6497x4544,2025-02-17
21,Karen Todd,matthew54@example.org,231-446-5728x8810,2024-11-17
22,Mark Espinoza,dmitchell@example.net,+1-675-358-8079x278,2024-06-30
23,Brandy Bailey,kathryndavis@example.org,7104582142,2024-02-09
24,Samantha Murphy,ericbentley@example.com,(872)613-0624x532,2024-11-11
25,Richard Chang,anitaharper@example.net,996.247.0862x620,2025-08-31
26,Don Lucas,cheryl82@example.org,925-260-4003,2025-03-22
27,Victor Patel,briannajenkins@example.org,619.202.0633,2025-06-16
28,Sandra Hickman DDS,asmith@example.net,234.544.8040x6977,2024-07-14
29,Andrew Williams,rachel92@example.org,(735)373-0825,2023-11-30
30,Theresa Huang,nathan77@example.org,634.398.4600x65360,2025-08-24
31,Brian Alvarez,jessica64@example.com,+1-851-276-2186x5627,2025-01-16
32,Susan Miller,robin74@example.net,756-668-5848x47604,2024-04-03
33,Adam Brown,qtorres@example.org,(705)471-7858,2023-10-22
34,John Rodgers,vbell@example.org,426-723-1476x87452,2025-04-01
35,Nathan Carroll,brookewilliams@example.net,001-786-396-5937x31719,2023-10-13
36,Jasmine Morris,davidmoore@example.com,257-408-7146x9327,2025-01-21
37,Caroline Tran,jimmy26@example.org,+1-791-691-7507x22797,2024-06-20
38,Tracy Ewing,kirbyjoshua@example.net,+1-825-878-1139x0457,2025-09-02
39,Anthony Singleton,amandalivingston@example.com,+1-757-202-8039x88192,2024-12-01
40,Alexis Rogers,crystalrubio@example.com,(785)850-0973,2025-05-04
41,Joshua James,zromero@example.org,001-324-289-3725x414,2023-10-04
42,Robert Salazar,trevormorris@example.org,9589696255,2023-12-16
43,Lisa Schaefer,tlane@example.org,(394)772-9544x874,2025-04-27
44,Jessica Jackson,harrissamantha@example.com,972-985-2007x24577,2024-02-28
45,Tammie Norton,ejohnson@example.com,(677)208-4285x531,2025-03-26
46,Jeffrey Jackson,andrea25@example.org,971.823.2689,2025-04-24
47,Andrea Sanders,ricky42@example.com,+1-226-290-7901x972,2024-06-29
48,Cynthia Smith,jessica65@example.net,(990)272-1841,2024-11-06
49,Edgar Ferrell,amber63@example.net,542-827-6683x048,2024-03-31
50,Jacob Tran,masonnicole@example.net,6023713634,2024-09-01
51,Michael Burns,justinramirez@example.org,320-562-2780x14793,2025-08-02
52,Victoria Gallagher,vcollins@example.org,524-288-1577,2025-01-22
53,Dustin Jimenez,markvelasquez@example.com,607.814.8267x3994,2024-07-21
54,Jacob Lopez,louishill@example.org,001-494-469-8352x48576,2025-08-13
55,Elizabeth Santiago,calebwagner@example.com,5426686228,2025-03-12
56,Danny Abbott,kthompson@example.org,+1-710-936-8668x219,2025-08-17
57,Gregory Franklin,marygarner@example.org,584-635-2113x225,2023-12-30
58,Eric Davidson,melissa79@example.org,001-297-406-0525,2025-08-22
59,Nathan King,gerald69@example.net,+1-709-523-6418,2024-01-29
60,Sandra Jones,watsonrachel@example.net,207-768-7574x6005,2024-07-13
61,Stephanie Benson,angela86@example.com,886-513-1421x982,2024-01-26
62,Sandra Vance,morganvang@example.com,988-607-9197,2024-07-04
63,Tyler Sanchez,jeffreymorrison@example.net,001-218-483-4138x7598,2025-03-16
64,Jack Ward,jameshenry@example.org,001-890-503-1271x0895,2024-11-29
65,Michael Grimes,jarvismatthew@example.com,733-394-7143x10568,2024-02-02
66,Ashley Williams,marvin55@example.net,903-308-0203,2024-01-06
67,Mark Ortiz,jason62@example.com,(570)546-9491,2025-03-23
68,Joseph Deleon,andrew80@example.org,7452798648,2024-06-17
69,Gabriel Hill,hbuchanan@example.org,229.244.4631,2024-09-11
70,Kyle Rodriguez,fpalmer@example.net,+1-493-428-3310x013,2024-05-06
71,Danielle Price,dfischer@example.com,318.676.9466,2025-07-17
72,Rebecca Mosley,trevor87@example.net,556.648.5664x87389,2023-10-13
73,Ms. Jennifer Richards,latoyachristensen@example.com,3546171397,2024-11-03
74,Lori Jimenez,stephanie02@example.com,(797)663-5454,2023-12-08
75,John Valdez,castilloamy@example.org,561-452-1516x557,2024-10-08
76,Michelle Smith,jeremy67@example.net,719.539.9080,2025-01-18
77,Michael Kemp,vmoore@example.net,+1-919-329-0463x41613,2024-06-18
78,Jeremy Graves,patrick36@example.com,2602847837,2024-09-04
79,Lisa Garcia,karensingh@example.org,(310)210-4943x252,2024-01-06
80,Scott Gregory,johnsrussell@example.org,445-975-8370x9212,2024-02-11
81,Jessica Solomon,ravengoodwin@example.com,+1-454-325-4381,2024-11-10
82,Darren Rodriguez,jacksonshane@example.com,+1-479-830-5774x76502,2024-02-06
83,Bryan Long,anielsen@example.net,644-387-0978,2025-04-27
84,Madison Price,landrypamela@example.org,6967092426,2024-02-15
85,Carlos Orozco,oknox@example.com,(498)498-3649,2024-04-15
86,Sarah Rice,james70@example.net,001-424-505-5541x590,2023-11-19
87,Amy Mason,felicia63@example.com,292.264.4207x972,2025-02-17
88,Ashley Young,olivia22@example.com,(414)420-6678x5379,2024-08-20
89,Andrea Rios,chandleramy@example.net,(358)998-1190x45009,2024-03-10
90,Jeffrey Gates,michaeldavis@example.com,763.757.6952x998,2024-12-31
91,Joseph Brown,sharontran@example.org,001-713-990-9790x3452,2025-05-29
92,Monica Sellers,rachel95@example.com,001-697-635-4565x225,2025-03-24
93,Nicole Wilkerson,christopherjohnson@example.org,+1-200-382-2775x23056,2024-07-03
94,Anthony Chambers,danielwhite@example.org,(895)624-7240x15269,2025-02-07
95,Brian Barrett,mejiaeric@example.net,(290)307-9098,2024-09-22
96,Mary Stokes,kmcdonald@example.com,6125909074,2025-04-08
97,Andrew Perez,dawn19@example.org,+1-730-898-2626,2025-05-12
98,Anna Ferguson,srivera@example.com,482-534-8903x251,2025-09-06
99,Timothy Soto,robertgillespie@example.net,001-604-534-9416x76833,2024-08-02
100,Anthony Miller,wjohnson@example.net,554.962.7681,2023-10-29
101,Sharon Simmons,johnsondiane@example.org,+1-414-662-5498x780,2025-08-21
102,Jonathan Rogers,michaelflores@example.org,242-402-0115x608,2023-11-07
103,Stephanie Griffith,jmartin@example.com,384.776.3308,2025-03-20
104,Jonathan Herman,jbrown@example.net,494-776-7785,2024-07-21
105,Ryan Le,derrickdixon@example.net,(398)529-7507,2024-10-05
106,Rita Jones,anthonycastro@example.org,788-639-3656,2024-02-26
107,Benjamin Norris,erica56@example.net,641-682-9794x161,2024-11-16
108,Larry Sanchez,jasonburgess@example.net,001-481-685-6484,2024-04-29
109,Jesus Patel,john96@example.org,(585)432-3315,2024-06-17
110,Matthew Dudley MD,jacquelinelane@example.org,(307)610-8184x407,2024-07-25
111,Kimberly Munoz,francisco33@example.org,4854413197,2025-04-01
112,Janet Hinton,tsmith@example.com,(378)944-4846x3962,2024-08-07
113,Angela Flores,michaeltaylor@example.com,+1-693-392-1543x68464,2023-10-27
114,Brian Conway,murphyjennifer@example.com,931-900-8182x3849,2023-10-14
115,Roy Rodriguez,ksmith@example.net,9007810660,2025-04-25
116,Joann Moore,brendaholden@example.com,457.733.6272x10621,2024-05-13
117,Dawn Thomas,brewercourtney@example.net,707-354-4259x27744,2025-02-24
118,Michael Williams,thorntonlaura@example.net,(335)934-5810,2023-12-15
119,Jeffrey Bennett,hhamilton@example.com,001-208-695-1949x2511,2024-08-18
120,Ronald Sanders,tammyrivera@example.com,001-899-753-2879x270,2025-01-01
121,Brian Ellis,mosleylarry@example.org,+1-836-573-5628x21920,2023-12-05
122,Kayla Edwards,holly41@example.com,(988)397-3685x582,2025-04-21
123,Bethany Bailey,shensley@example.net,+1-504-413-4593x517,2025-04-11
124,Gregory Perez,abrown@example.org,507-470-0391,2023-10-15
125,Latasha Stone,rnewman@example.org,+1-620-594-5847x9827,2024-04-14
126,Jerry Stout,barnesmichael@example.org,621-702-1383,2025-08-08
127,Erin Green,deanna12@example.com,(362)813-5805x015,2023-10-13
128,Brent Davis,mackcarla@example.com,001-598-391-7732x3125,2024-11-22
129,Angel Manning,freemandavid@example.org,628-314-3572x41595,2023-12-03
130,Jodi Brown,seanhammond@example.org,493-430-8059,2025-09-05
131,Heidi Turner,thill@example.org,459.821.0082,2025-07-30
132,Diana Smith,edward41@example.net,3727881427,2023-10-29
133,John Miller,sharon89@example.net,413.727.9655,2025-01-23
134,Bethany Hammond,anthonybooker@example.org,816-911-2310x92306,2024-09-19
135,Michaela Gray,danielspears@example.net,(691)968-8183,2024-02-14
136,Cory Lawson,dannygonzalez@example.org,2793897319,2023-10-26
137,Adrian Lin,angelabrown@example.net,483.699.0385,2024-02-29
138,Thomas Pierce,davidmann@example.net,258-710-7345x4748,2025-01-07
139,Destiny King,guerreromario@example.org,+1-573-210-3159x69198,2024-02-26
140,Elizabeth Alexander,matthew59@example.org,+1-679-464-3196,2024-08-30
141,Ashley Rivera,vjohnson@example.com,808.358.3576x005,2024-09-30
142,Haley Brown,andersonrachel@example.com,(930)324-0575x66681,2024-10-18
143,Jennifer Harris,carrie86@example.com,(734)208-9632x6946,2025-04-09
144,Laura Gardner,tracy33@example.org,+1-725-265-4868,2025-06-21
145,Vanessa Maddox,julie78@example.com,(805)708-3253x042,2025-06-26
146,Carrie English,kristykelly@example.net,205.824.1014,2024-05-29
147,Jennifer Cabrera,ctorres@example.com,546-802-6691x73846,2024-08-23
148,Lisa Gomez,woodalbert@example.net,268.299.8254,2025-06-17
149,Rebecca Phillips,michaellewis@example.org,(801)651-3627,2024-09-26
150,Carlos Miller,rushtammy@example.com,(826)315-8342,2024-08-18
151,Candace King,saraharrison@example.net,912-939-2554,2023-11-26
152,James Griffin,nathancobb@example.net,970.959.0666,2024-04-26
153,Claire Newman,katieshepard@example.com,+1-440-288-6089x468,2024-04-19
154,Shannon Burns,woodnicholas@example.com,(477)592-6239x6336,2025-03-25
155,Elizabeth Hernandez,bennettsarah@example.org,383.361.1205x306,2024-06-19
156,Holly Nielsen,christopherbailey@example.net,(971)855-4224,2024-04-10
157,Patrick Palmer,olivia96@example.com,+1-845-712-1562,2025-07-19
158,Kyle Lopez,weberann@example.com,+1-362-686-6340x024,2025-02-10
159,John Delacruz,morrismichael@example.com,(352)852-2077x177,2023-11-05
160,Deborah Nelson,jeffrey94@example.net,+1-554-927-7275x10235,2024-05-13
161,Donna Johnson,dennis11@example.com,+1-692-944-4292x642,2025-07-28
162,Amy Rodriguez MD,scottball@example.org,(540)351-6026x218,2024-12-07
163,Sherry Black,kevin59@example.com,001-707-315-2086x046,2025-04-11
164,Stephen Parker,hodgejonathan@example.com,(640)790-4800,2024-11-23
165,Roger Taylor,paul80@example.org,(513)916-7450,2023-10-17
166,Victoria Montoya,dawsondeborah@example.org,(877)696-9735,2024-12-01
167,Rebecca Stevenson,colemanmichelle@example.org,752-948-6162x5262,2024-07-09
168,Lindsay Crawford,emily10@example.net,212-864-3893x24201,2025-05-13
169,Kenneth Bryant,davidrobbins@example.net,238-473-2772x480,2025-07-22
170,Kimberly Williams,aallen@example.org,381.986.9899x05092,2025-07-04
171,Alicia Burns,ucampbell@example.org,001-541-661-2587,2024-01-07
172,Amber Becker,michelle75@example.net,(619)696-1836,2023-10-03
173,Amber Green,alexlopez@example.net,427.699.3205,2023-12-19
174,Earl Santos,austin39@example.net,+1-543-234-7409x984,2025-08-03
175,Nancy Johnson,uwright@example.net,900.398.1800,2024-06-02
176,Brian Miranda,allennicholas@example.com,001-391-948-6146,2025-08-01
177,Alex Shannon,ian82@example.com,+1-881-934-3203x5692,2024-11-01
178,Lisa Perez,ujohnson@example.com,602-533-4960,2023-10-11
179,Diane Duke,rali@example.net,001-458-841-4657x43251,2024-06-22
180,Daniel Andersen,gsanders@example.net,(692)974-2725,2025-06-07
181,Mr. Jesse George,frances29@example.com,001-993-937-6103x98607,2025-04-15
182,John Guerra,jasminecruz@example.net,234.751.8649x807,2025-07-19
183,Javier Jennings,kevindougherty@example.com,469-372-4130,2025-04-07
184,Diane Garcia,summersjohn@example.org,251.339.1749x198,2024-05-17
185,Mark Moran,williamsemma@example.net,461-949-9720,2024-10-03
186,Sarah Garcia,clarkrachel@example.org,001-531-862-7602x39823,2023-10-30
187,Paul Cline,xdonovan@example.com,(746)596-9801x7383,2024-10-16
188,Edward Taylor,marykent@example.net,(648)642-9192x09095,2023-10-22
189,Matthew Bowman,elizabeth70@example.net,001-803-818-2705,2025-01-03
190,Tabitha Williams,bryangeoffrey@example.org,569-436-9981,2024-05-06
191,Brent Garcia MD,boyerdan@example.net,(925)642-3163x7732,2023-10-08
192,Jeremy Jones,beckertina@example.net,(500)718-4196,2024-10-12
193,Jonathan Kelly,arnoldkimberly@example.com,2607562364,2025-08-25
194,Dr. Chelsea Coleman,stuartterry@example.com,(622)323-1262,2025-04-29
195,Richard Lewis,lawrencepamela@example.org,276-928-9033x128,2023-11-01
196,Jessica Liu,marianielsen@example.org,001-671-388-2174x4833,2024-09-16
197,James Wagner,nathanielwhite@example.com,(320)983-3036x291,2024-08-16
198,Ms. Lauren Dawson,jamesjohn@example.org,001-632-463-2631x21354,2025-05-01
199,Mark Bradford,pmartinez@example.org,001-556-284-6378,2023-10-15
200,Karen Crawford,woodsrichard@example.org,5463250897,2024-01-09
201,Nicholas Gilbert,dbennett@example.org,373.965.1315x8409,2025-07-28
202,Dr. Ronald Jensen,heidi54@example.net,499.474.5082x06208,2024-11-02
203,Brandon Reyes,harrisonjoyce@example.com,001-279-586-0387x9624,2025-04-23
204,Deborah Sutton,kevinsandoval@example.org,001-506-235-0141x26077,2025-07-03
205,Kayla Stewart,tammycarr@example.com,350-982-6173x8277,2024-07-25
206,Andre Moore,jennifergonzalez@example.com,(806)433-8567,2024-03-02
207,Lori Stevens,kevin90@example.com,001-717-906-0021x178,2023-12-05
208,Terry Henry,aaronedwards@example.org,795-242-0904x833,2025-07-11
209,Jacob Cook,rodriguezdon@example.net,+1-252-534-7063x1752,2024-05-11
210,Lisa Wright,williamwilliams@example.net,+1-385-457-0873x21392,2025-08-01
211,Ariel Smith,kentjason@example.com,692.554.2723x898,2024-10-23
212,Anthony Richmond,stephanieklein@example.org,237-632-8471x574,2025-02-21
213,Christopher Ponce,robertsjulie@example.net,+1-726-604-2071,2023-10-19
214,Shannon Hawkins,brendabriggs@example.com,915.507.4358x923,2024-08-10
215,Monica Hernandez,erik18@example.com,(771)741-3940x5143,2023-10-08
216,Dawn Greene,hparks@example.com,2459579375,2024-02-27
217,Carol Payne,boonemichael@example.com,6668320436,2024-07-29
218,Mr. Christopher Rodriguez,freymary@example.com,857.773.7862,2025-04-22
219,Jennifer Clark,theresasanders@example.com,(377)836-2755x400,2024-04-27
220,Melinda Barnes,jamessuarez@example.net,001-295-989-0405x89560,2024-07-14
221,Megan Burke,jack35@example.org,811-456-6662,2024-07-12
222,Jenny Weeks,perezchristopher@example.com,613-932-4354,2025-05-26
223,Alexandra Jensen,martinlydia@example.org,(357)362-0417,2023-10-10
224,Michael Lewis,marie78@example.net,001-272-996-8031x97796,2025-02-27
225,Joshua Conrad,alexis45@example.net,6336363905,2025-05-19
226,Tammy Schultz,anthonywright@example.org,001-735-366-9943x21486,2025-04-21
227,Jessica Erickson,jcaldwell@example.net,254.426.5652,2025-08-11
228,Jonathan Frey,yduarte@example.com,443-734-7983,2025-05-25
229,Donald Burke,frank67@example.org,(531)569-0226x035,2025-06-11
230,Christopher Smith,diana38@example.com,398-280-7224x1785,2024-03-11
231,Miss Ashlee Fox,hilltravis@example.org,484.871.1522x9646,2024-08-11
232,Zachary Smith DDS,william37@example.net,845.254.8815x67831,2024-11-04
233,Marvin Moore,grahamandrew@example.com,436.296.1324x0413,2023-11-11
234,Jordan Kline,michael49@example.org,9044936537,2023-10-11
235,Tracy Wilkinson,rogersbianca@example.net,509-382-3654x7233,2025-04-18
236,Sabrina Smith,jacksonantonio@example.org,001-719-331-9232,2024-09-28
237,James Williams,kjohnson@example.org,788.350.6725x57687,2025-07-01
238,Kristine Riddle,jonesdenise@example.org,351-957-5528x52230,2024-12-20
239,Greg Evans,moralesthomas@example.org,816-747-0750,2024-09-13
240,Nicholas Moore,kim17@example.com,5927087938,2025-04-14
241,Joseph Miller,stephanielandry@example.org,473.905.7172x988,2024-12-18
242,Michael Odonnell,johnperez@example.org,433-297-8581x8423,2024-07-03
243,Lisa Delacruz,fhunt@example.net,299.728.1283,2024-11-20
244,Jenny Garcia,christy01@example.org,001-438-721-5996x09227,2024-11-17
245,Natalie Bailey,martinezcindy@example.net,743-968-3723,2024-12-14
246,Todd Burch,padillaandrew@example.net,597-354-4722x65365,2025-02-18
247,Kimberly Duarte,samanthawarren@example.org,+1-742-748-7349x3355,2025-07-19
248,Amber Mcclain,millersarah@example.org,+1-422-751-3100x828,2025-03-27
249,Laura Perry,darren74@example.org,852-901-3358,2024-07-05
250,Paul Salinas,norma13@example.net,(500)499-2636,2025-02-12
251,Timothy West,jimmoreno@example.org,+1-973-246-8600,2025-05-14
252,William Morton,bryan73@example.com,271-489-9329x821,2024-07-31
253,Lauren Reed,garrett99@example.org,001-737-245-0010x41044,2025-02-18
254,Aaron Wood,josephwilliams@example.org,(995)645-4438x83931,2025-09-04
255,Anne Reed,mathewoliver@example.com,(698)314-1677,2024-05-23
256,Melinda Harrison,lindadavis@example.org,518.656.2919x33101,2025-06-14
257,Travis Levine,obuckley@example.com,001-248-918-1612,2025-05-10
258,Brianna Whitaker,garciajeffrey@example.org,+1-949-721-9154x97887,2025-02-05
259,Megan Woods,joannamarks@example.org,635-568-6173,2024-10-11
260,Daniel Campos,deniseproctor@example.org,654-331-9093,2024-03-20
261,Diana Molina,brendaevans@example.net,522-682-2869,2025-09-20
262,Alexis Stafford,michelewhite@example.net,748-962-8580,2025-05-03
263,Matthew Chavez,cochrankrista@example.org,001-650-299-4555x998,2023-11-11
264,Johnathan Wagner,frankriggs@example.net,001-457-799-5820x5944,2024-05-12
265,Debra Contreras,katherine77@example.org,001-262-291-9965x4017,2023-11-21
266,Timothy Lawson,xgarner@example.net,+1-214-534-3122,2025-04-27
267,Lauren Dickerson,alexander40@example.net,319.789.3409x91352,2024-11-25
268,Jessica Acosta,jordan93@example.net,402-290-5702x2490,2024-12-20
269,Maria Price,chandlerchristina@example.com,392.262.4748,2024-09-03
270,Tasha Cervantes,ellen11@example.net,+1-554-587-0255x570,2025-08-01
271,Vincent Hansen,andreahernandez@example.net,(673)235-2980,2025-08-05
272,Hannah Davis,jasmine46@example.org,+1-294-416-9201x67262,2024-03-31
273,Christine Allen,fredharris@example.org,001-285-449-5998x970,2024-04-02
274,Susan Riggs,nicholasrichardson@example.net,(575)452-3998x07715,2025-09-22
275,Tanya Stewart,donnawhite@example.com,320-712-4975x51386,2024-09-19
276,Anthony Murphy,tyroneperez@example.org,(642)500-5662x473,2025-07-17
277,Brett Moon,kristopher18@example.net,459.876.3400x97820,2023-12-29
278,Thomas Moreno,webersonya@example.org,425.982.6463x05821,2025-01-20
279,Adrienne Weaver,hectorcampos@example.net,001-539-425-3183x2700,2025-07-23
280,Luis Hansen,castillogary@example.com,+1-863-508-5098x70886,2024-11-26
281,Katherine Gregory,fmadden@example.net,8783347049,2024-12-22
282,Nicholas Wilson,hooperlisa@example.com,259.238.9541,2024-09-07
283,Shelley James,rhonda63@example.net,+1-920-503-9617x050,2025-04-13
284,Stephanie Richardson,daughertynorma@example.net,001-881-932-1566x6049,2025-09-28
285,Steven Nunez,lori80@example.net,001-313-668-6076x8454,2024-09-14
286,Daniel Bonilla,phillipcantrell@example.net,(482)620-7442x69155,2025-08-13
287,Katherine Park,julie44@example.net,001-813-730-7846,2025-09-02
288,Gary Ramirez,matthewcarlson@example.com,797-802-6404,2023-12-18
289,Justin Davis,barbaramccoy@example.com,+1-530-502-2455,2025-05-28
290,Tony Byrd Jr.,sarahbruce@example.org,(977)390-2147x3783,2025-01-22
291,Sarah Craig,thomasdiaz@example.net,+1-849-448-8561,2024-01-30
292,Michelle Lee,nathan31@example.com,501.539.0596x557,2024-08-31
293,Mallory Bradley,kleinjoseph@example.net,895-439-5455x507,2024-02-26
294,Pamela Peterson,zayala@example.com,3189983000,2024-08-26
295,Jesus Johnson,cpearson@example.org,6793694655,2024-06-18
296,Christopher Harvey,dcarlson@example.com,3876073339,2025-02-25
297,Derek Walter,jeffreyjohnson@example.net,2883480956,2024-01-17
298,Jacob Trujillo,diana49@example.net,705-775-4255x75237,2023-11-16
299,Christopher Maldonado,leealexander@example.net,001-229-912-3890,2024-04-28
300,Mary Mcdonald,cwright@example.org,+1-659-927-5897x16975,2024-08-31
301,Lance Butler,burkeelizabeth@example.net,591-764-0371x07334,2025-09-09
302,Tammy Roberts,frankcampbell@example.org,(887)981-0296x45500,2023-11-01
303,Derek Garcia,zwall@example.com,9327074128,2025-07-22
304,Jamie Ashley,jennifer66@example.net,955.952.8886x663,2023-10-15
305,Richard Hutchinson,stephanieholland@example.net,001-679-624-6061x399,2024-04-13
306,Kelsey Jackson,andersonstephanie@example.com,001-627-830-5821,2024-05-06
307,Robert Tapia,mary47@example.com,+1-640-470-9771,2025-08-26
308,Deanna Vargas,pittsscott@example.net,9204459556,2024-12-31
309,Lance Hall,nhouse@example.net,644.769.5241x5449,2024-12-18
310,Ryan Martin,carlyhorton@example.org,543.942.2244,2024-09-13
311,Paul Snyder,rangelzachary@example.net,(852)390-0435x43341,2025-04-29
312,Lindsay Gilmore,qanderson@example.com,494.289.0568x403,2024-07-14
313,Whitney Anderson,ywright@example.net,(654)805-0727,2023-11-21
314,Lori Cuevas,ryankhan@example.net,605.979.2340,2025-06-24
315,Brandon Davis,wrobinson@example.org,(314)958-6294x925,2025-03-17
316,Donald Welch,jacqueline05@example.org,843.634.8007,2024-09-05
317,James Parsons,jordan08@example.com,944.988.1505x328,2024-10-11
318,Mr. Jeremy Adams,edean@example.org,670-443-0523x36574,2025-07-21
319,Heather Coleman,charlesmason@example.com,(772)654-0772x4944,2023-09-29
320,Jill Johnson,jamie62@example.org,+1-694-553-9888x921,2024-02-29
321,Lance Aguilar,umay@example.net,+1-207-483-2796x0688,2024-06-16
322,Michael Barrett,andrew36@example.org,610.878.6912x95633,2025-02-06
323,Samuel Barton,michaelduncan@example.org,(308)319-9920x010,2024-10-20
324,Misty Williams,kevin73@example.net,001-693-895-9138x436,2024-12-24
325,Jonathan Martin,raymondmiller@example.com,450-892-6110,2024-01-20
326,Victoria Hill,vaughnjoseph@example.net,552.773.6769,2024-12-01
327,David Cole,tonya71@example.com,(919)251-9730x4483,2025-07-13
328,Stephen Schmitt,ulynn@example.org,812-553-2293x684,2025-06-11
329,James White,rmclaughlin@example.net,524.433.8195x015,2024-06-21
330,Darlene Wu,alan29@example.net,247-396-8280,2024-07-13
331,Seth Gallegos,wellschristopher@example.net,257.327.2118,2025-02-17
332,Daniel Coleman,julia88@example.org,460-913-0983,2024-06-08
333,Jamie Lester,parkerronald@example.net,+1-667-609-6679,2024-07-08
334,Timothy Marshall,taylordonald@example.net,(293)504-3442x2910,2024-11-19
335,Julie Holmes,ryan97@example.org,001-791-325-9930x712,2025-01-25
336,Reginald Alvarez,hrodriguez@example.com,001-489-547-4495x018,2025-08-11
337,Jose Pierce,nicholas74@example.com,(821)841-1971,2024-02-15
338,Christopher Price,laramalik@example.org,+1-393-834-6530x89035,2024-02-01
339,Ashley Butler,ukemp@example.net,5994048405,2025-03-09
340,Rachel Hernandez,humphreychristopher@example.net,807-250-1432x642,2023-11-05
341,Crystal Harrison,kayla09@example.org,(522)580-7432x02438,2025-05-23
342,Lisa Nelson,hubbardelizabeth@example.net,525-408-9528x45699,2025-04-17
343,William Elliott,nicholemartin@example.org,509-725-3623,2025-04-05
344,Brenda Ramirez,wvillarreal@example.net,001-316-522-4162x9859,2023-10-30
345,Jonathan Chandler,yreid@example.net,+1-312-539-9242x758,2025-07-15
346,Samantha Hansen,rodneyjohnson@example.org,393-658-4098x6735,2025-06-28
347,Jessica Hernandez,erikaholt@example.com,(223)977-9637x87235,2024-06-22
348,Christine Cox,elizabethguzman@example.net,001-852-798-8179x29674,2024-05-23
349,Stacy Ryan,jjones@example.org,+1-770-696-7023,2024-12-15
350,Ralph Fleming,kristiejohnson@example.net,+1-853-606-0394x7977,2024-04-16
351,Christina Luna,millermark@example.net,219.736.0600x7597,2025-02-15
352,Jesse Lynch,juliashannon@example.com,+1-857-497-3806x529,2024-09-12
353,Matthew Hanson,haleywebb@example.net,001-759-936-8086x45661,2025-01-23
354,Barbara Gibson,tracy64@example.net,388-846-6215,2025-04-10
355,Roy Morrow,laura77@example.org,001-830-730-1910,2024-01-06
356,Debra Pace,zjacobson@example.com,572-695-3676,2025-04-11
357,Paula Rubio,cooperolivia@example.net,001-588-334-1456x95891,2024-05-23
358,Patty Jordan,kennethhanson@example.com,4773216107,2025-05-26
359,Joshua Stewart,lward@example.org,+1-930-994-7053,2024-12-24
360,Robert King,keith00@example.net,+1-292-234-0076x54526,2025-05-04
361,Pamela Greene,scottmary@example.org,+1-979-563-9185,2025-09-21
362,Steven Buckley,jonesmandy@example.org,705-558-9019,2024-09-18
363,Heather Maynard,umcknight@example.com,001-827-622-6438x90940,2023-10-09
364,Jacqueline Briggs,griffinbrandon@example.com,001-348-298-3383,2023-11-02
365,Sandra Wallace,bridget92@example.org,+1-591-624-7869x2728,2024-03-04
366,Yvette Wilkinson,karen49@example.net,+1-291-858-1229x9738,2023-12-30
367,Daniel Reyes,wrightjonathan@example.com,(905)334-1742x1087,2024-05-20
368,Joel Thomas,klinebenjamin@example.com,+1-641-354-6783x304,2024-06-28
369,Jason Proctor,sheasteven@example.com,864.765.4548x391,2025-06-10
370,Stephanie Morales,donnaosborne@example.net,(481)420-8062,2024-08-01
371,Angela Berry,ljefferson@example.org,(930)410-7675x5589,2025-06-16
372,Brian Williams,carlanderson@example.com,(551)633-0931x12862,2025-09-24
373,Meghan Cruz,wallmichael@example.com,678-748-8002,2025-04-27
374,Emily Williams,lvazquez@example.com,+1-444-847-5699x509,2024-04-18
375,Calvin Gentry,christophergoodwin@example.net,+1-518-823-2518x38245,2024-12-31
376,Mr. Jason Fields MD,beckywood@example.com,001-871-929-0920x50441,2025-04-01
377,Ray Foster,domingueztiffany@example.net,698-777-9169x477,2025-01-01
378,Kenneth Ramirez,amandascott@example.org,+1-693-625-5971x190,2024-06-16
379,Tracey Wilkinson,ganderson@example.net,+1-998-882-5571x591,2024-02-08
380,Travis Johnson,anna98@example.com,001-226-256-1011x8281,2025-07-22
381,Mary Grimes,ustewart@example.com,(242)707-5696,2024-04-29
382,Brenda Hughes,vincent57@example.com,691-911-2821x818,2024-05-15
383,Theresa Pierce,angelicamoore@example.org,001-761-593-4544x035,2024-05-01
384,Melanie Coleman,amanda73@example.org,001-820-461-0939,2024-09-26
385,Michael Taylor,ujackson@example.net,001-694-576-6370x75088,2024-05-30
386,Diana Hays,pottssusan@example.net,461.223.0584x41383,2024-03-16
387,Beth Williams,thomas01@example.com,659-765-4930x81855,2024-11-06
388,Michael Sanders,danny40@example.com,(626)893-6648x2868,2025-03-27
389,Cory Le,douglas40@example.org,808.932.8189,2024-03-12
390,Cody Doyle,durhamjames@example.net,001-886-822-2230x374,2025-06-10
391,Ashley Sandoval,amber15@example.org,558-850-8713x22357,2023-10-15
392,Christine Moody,thomasvictoria@example.org,571.526.5447,2024-11-19
393,Jamie Chang,hinesashley@example.com,503.275.0084x4015,2023-12-30
394,Debra Sanchez,juansteele@example.com,+1-211-960-1523x08031,2025-07-04
395,Sheila Jackson,skinnerdennis@example.net,786-997-6415x629,2023-12-16
396,Jennifer Collins,alexanderlindsay@example.org,9095761338,2025-05-18
397,Alec Fowler,qphillips@example.com,001-361-547-5858,2025-02-17
398,Laura Lee,ashleyrowe@example.com,+1-394-562-1108x83300,2025-02-06
399,Charles Travis,gregorymoore@example.net,001-491-434-4383,2023-12-03
400,Connie Stanley,joshua06@example.net,340.382.9950x7253,2024-03-01
401,Mr. Gary Wong,ywheeler@example.com,+1-301-750-5009x9450,2024-06-18
402,James Spears,karilane@example.net,5387923293,2024-04-07
403,Thomas Miller,cryan@example.net,805.620.6957x18208,2025-04-15
404,James Barajas,randyjohnson@example.net,797.326.3368x224,2023-12-01
405,Ashley Brown,yjackson@example.net,542.861.6097,2025-05-05
406,Anna Marshall,rporter@example.net,(446)910-3162,2025-07-30
407,Amber Martinez,rogervasquez@example.net,(823)315-0953,2025-09-09
408,Roy Finley,michael30@example.com,328.450.9524,2025-03-10
409,Juan Garcia,ccruz@example.com,715.667.2108x88442,2023-12-08
410,Michael Morrison,edwardmunoz@example.org,6268088217,2024-04-27
411,Tina Stokes,ashley74@example.com,545.428.8249x874,2025-05-14
412,Mary Weber,brian12@example.net,906.751.9880,2024-01-12
413,Kristin Williams,kylie63@example.net,+1-876-881-6539x43795,2024-09-10
414,Zachary Stanton,fbuckley@example.net,6336945273,2023-10-08
415,Donna Garza,jonathanmoon@example.org,8089779937,2023-11-25
416,Matthew Watkins,ycarter@example.com,001-794-496-5934x860,2025-01-15
417,Linda Camacho,olsonjulian@example.net,898.852.6662x9666,2024-04-24
418,Howard Martin,timothy40@example.net,790-874-7102x529,2024-12-03
419,Cole Martinez,rothmark@example.com,001-392-649-9017x4440,2023-11-22
420,Travis Smith,tuckerdebra@example.org,(523)920-8785x8340,2024-11-02
421,Brandon Gilmore,nrobinson@example.org,001-310-821-8178x691,2025-06-01
422,Heather Garcia,amyhunter@example.net,(563)467-0377,2024-11-15
423,Mark Logan,chadbrown@example.net,7036299020,2025-08-24
424,Brandi Watson,mckayzachary@example.com,(545)237-2799,2025-06-09
425,Mary Fernandez,groth@example.org,+1-802-333-4760x9770,2024-02-27
426,James Kim,dcampbell@example.net,529.389.2102,2023-12-16
427,Jonathan Newman,sean17@example.org,319-212-7059x634,2024-08-31
428,Alice Gates,williamjohnson@example.org,001-208-555-8955x128,2023-11-11
429,Michael Juarez,adamsjustin@example.org,+1-803-647-3542x118,2024-05-01
430,Tyler Robinson,amanda29@example.org,686-309-9095,2024-07-25
431,Cheryl Abbott,stephanielyons@example.com,665-461-8765,2023-11-29
432,Anthony Alvarez,nicholsrobert@example.net,(881)215-2194x60926,2024-03-16
433,Gregory Dunn,michael68@example.com,412-792-4826x497,2024-08-13
434,Tammy Miranda,scott84@example.com,662.827.7663x54956,2025-06-28
435,Edward Alexander,bmeyer@example.com,+1-228-983-7132x824,2025-09-03
436,Alexis Dorsey,evanslisa@example.com,001-685-783-2762x574,2025-07-26
437,Andrew King II,adam19@example.org,601.833.1100x3373,2025-07-21
438,Joseph Brown Jr.,asimmons@example.net,817-793-4339x10801,2025-07-01
439,Manuel Cameron,deanna91@example.net,(813)952-4036x21142,2025-07-15
440,Robert Cook,johnsonjasmine@example.org,274.231.8544x2305,2024-03-09
441,Jason Long,boydmolly@example.com,001-953-352-2581x48007,2024-10-20
442,Scott Morrison,kristi43@example.net,862-288-5381x97080,2025-04-27
443,Mary Wright,sanfordkurt@example.com,+1-800-857-2201x8103,2024-05-30
444,Stephanie Wells,williesmith@example.org,9076613124,2024-08-06
445,Jordan Gilmore,rross@example.net,+1-790-881-6184x458,2025-03-20
446,Erin Henderson,barkerjimmy@example.net,+1-408-814-3249x411,2024-05-26
447,Veronica Tucker,mmorris@example.org,608-730-7240,2024-09-28
448,Patricia Meyers,robert42@example.net,001-798-707-4101x60867,2025-07-06
449,Rebecca Ryan,alicia17@example.net,(633)802-4583,2025-03-10
450,Alexandra Payne,jessicajohnson@example.net,(884)217-0356x69639,2023-12-09
451,Douglas Jones,bryantjessica@example.net,001-318-383-3410x8816,2024-07-09
452,Stephen Lopez,melissawood@example.org,+1-425-638-3552,2024-02-01
453,Kathryn Francis,ycastaneda@example.net,555-752-9868,2025-09-07
454,Rachel Murphy,kristinawhite@example.com,963.395.6299x26511,2023-12-29
455,Paul Henson,plewis@example.com,623.245.0255,2025-03-23
456,Michele Jones,asimpson@example.com,2567459049,2025-05-08
457,Allison Cain,egray@example.net,437.351.1516,2024-10-05
458,Erika Wilkins,nparker@example.org,654-681-8810,2025-05-08
459,Tamara Lee,veronicareed@example.net,9067093370,2025-01-30
460,Steve Miller,morenoshawn@example.net,001-512-938-7132x7393,2025-05-11
461,Heather Adams,nicolegibson@example.com,001-796-409-4839x311,2024-05-06
462,Kristy Miller,staffordjohn@example.net,+1-675-816-8377,2024-06-21
463,Julie Fitzgerald,staciejohnson@example.com,526-349-6021,2025-02-18
464,Justin Estrada,mistyhorne@example.net,(266)444-7014,2025-08-25
465,Patrick Graves,peggycohen@example.net,(716)399-0862x3367,2024-01-03
466,Susan Weaver,bradley98@example.net,7792123895,2024-10-25
467,Gregory Lucero,smitholivia@example.com,4528128972,2024-09-18
468,Jeffrey Stone,williamsmatthew@example.org,3416621237,2023-12-14
469,Stephen Jimenez,xnorris@example.org,380-501-1431x845,2024-01-24
470,Robert Mathews,juangreen@example.net,436.281.7747x163,2024-02-19
471,Timothy Miranda,archerjeffrey@example.net,330.571.2730,2024-08-21
472,James Smith,ybrown@example.org,387.404.1182x275,2024-04-22
473,Elaine Lewis,fmartinez@example.com,354-927-7197,2025-07-10
474,Stephanie Bates,michael92@example.com,427-957-4012,2024-04-28
475,Daniel Weber,nguyenrachel@example.com,574.478.4605x19818,2024-03-12
476,Jessica Tyler,eric06@example.net,001-425-714-8501x8708,2024-11-02
477,Joe Winters,longshawn@example.net,+1-423-443-9212x305,2024-04-22
478,Julia Anderson,fgutierrez@example.org,833.420.8040,2024-07-16
479,Andrea Hunter,kristina72@example.net,607.768.8278x19213,2024-05-20
480,Andrew Jones,ashleyjones@example.org,+1-394-995-5510x93552,2024-03-17
481,Thomas Frederick,zhangcraig@example.net,3166680037,2024-10-27
482,Lisa Olson,andrea96@example.net,001-733-470-7298x63180,2024-08-05
483,Richard Wolfe,mramirez@example.org,558-856-2731,2024-11-09
484,Patricia Wheeler,johnsonbrad@example.org,5682469554,2025-08-13
485,Scott Drake,rhodesmichael@example.com,(825)414-2167x906,2025-01-06
486,Michael Hernandez,jillian51@example.org,001-339-280-7580,2025-08-05
487,Tamara Blevins,darren78@example.net,(417)501-9137,2025-01-07
488,Dana Curtis,mariaescobar@example.org,886-753-3476,2025-02-10
489,Dr. Amanda Cummings MD,patrickstanton@example.net,639-337-9134,2025-08-25
490,Marc Murphy,scottmartin@example.org,3228375575,2025-07-27
491,Makayla Baldwin,owalker@example.com,793.620.7008x2373,2024-08-28
492,Amber Reed,courtneyhenry@example.net,(200)867-1312x63581,2023-12-16
493,Dr. Michael Bailey,paulawilliams@example.net,975.983.5007x545,2023-12-31
494,Alexandra Hess,stephaniegreen@example.org,(904)732-5280x086,2025-03-17
495,Jennifer Davis,larryhuerta@example.net,+1-996-604-1655x0289,2024-10-29
496,Jennifer Smith,fjones@example.com,+1-720-319-1315x043,2024-09-30
497,Scott Lawrence,cynthiahouston@example.com,709.586.8102,2025-09-13
498,Sarah Castro,fostererika@example.net,343-207-1510,2024-08-01
499,Denise Martinez,njones@example.org,+1-712-347-8456x751,2025-06-30
500,Thomas Williams,jonathanflores@example.com,(200)947-4832,2024-03-29
501,Richard Perkins,kevinsummers@example.net,292.691.2559,2023-11-13
502,Diane Sanders,louisramirez@example.com,+1-577-659-8450x0373,2024-06-29
503,Jennifer Patterson,jeffrey47@example.com,+1-206-684-5651x9599,2025-04-18
504,Blake Gonzalez,lopezjohn@example.org,+1-678-688-6521x09783,2025-06-29
505,Richard Burns,michael33@example.net,(730)961-3529x93139,2024-10-08
506,Holly Brown,chamberskenneth@example.com,+1-572-973-4656x38190,2025-07-30
507,Stephanie Marquez,dawn65@example.org,(655)982-6828,2024-06-07
508,Amanda Sexton,paulmorris@example.com,804-539-9623x246,2024-05-05
509,Cindy Wilson,meghan86@example.org,(402)600-3891x3271,2023-12-06
510,Shannon Wright,utaylor@example.net,786.906.1728,2024-06-17
511,Kyle Johnson,laura51@example.com,453.920.0150x76150,2025-08-28
512,Austin Simmons,xsmith@example.org,9734012070,2025-09-23
513,Joel Bryan,hjones@example.net,9134877015,2025-08-02
514,Alexis Scott,yanglawrence@example.org,+1-422-901-4231x57396,2024-05-09
515,Lisa Sloan,chris13@example.org,001-471-934-7801,2025-01-24
516,Deborah White,kimhernandez@example.com,431.739.7187x4188,2024-06-07
517,Joseph Morales,idunn@example.org,(829)857-2872,2025-07-17
518,Mathew Hall,hbruce@example.net,259.679.2939x340,2025-09-24
519,James Stone,krichardson@example.net,8989075072,2024-03-29
520,Alex Ellis,psalinas@example.org,001-289-680-2480x850,2025-07-18
521,Jessica Glover,poncekimberly@example.org,4184851611,2025-06-23
522,Michelle Rivas,christina06@example.org,001-940-558-4689x7973,2024-08-12
523,Jennifer Thompson,anahamilton@example.com,436-689-7435,2024-10-18
524,Lisa Nelson,kparker@example.net,+1-778-790-6142x077,2024-02-23
525,Felicia Price,michelle95@example.net,001-296-999-7915x6183,2024-08-25
526,Anne Mcbride,vbanks@example.net,4846504990,2024-04-18
527,Jeff Lowe,codymiller@example.net,609.579.2737,2024-02-10
528,Sarah Freeman,blaircarol@example.net,001-216-794-3120,2024-01-19
529,Robyn Miranda,matthew41@example.net,+1-458-777-0831x334,2024-08-20
530,Brenda Taylor,hernandezamanda@example.net,(235)959-3786x061,2024-04-11
531,Christopher Hudson,matthewreed@example.net,284.481.0827,2024-10-20
532,Pamela Smith,riddlekimberly@example.org,9696739488,2025-01-20
533,Susan Herman,paulcrawford@example.org,556.722.5507,2025-01-17
534,Robert Reeves,carolvargas@example.com,381-556-7126x3699,2025-03-01
535,Michael Gross,gloriahoffman@example.org,645-541-3630x2168,2025-01-04
536,Jamie Osborn,moorerobert@example.com,+1-733-709-2696x9910,2024-05-10
537,Jeffrey Raymond,joe14@example.com,439.764.9589x1148,2025-03-03
538,Brianna Gregory,tnguyen@example.org,701-647-4017,2025-05-28
539,Carrie Moran,cody74@example.net,(515)305-1674x9904,2023-10-12
540,Laura Snyder,brittanyhunter@example.com,(878)724-7500,2024-06-05
541,Shawn Boyle,barryalex@example.org,001-293-637-7585x59101,2025-05-14
542,Danielle Scott,parkerryan@example.com,575.715.9117x509,2023-12-14
543,Nicole Andrews,henryleslie@example.org,+1-845-776-4514x773,2023-11-04
544,Denise Brown,micheleadams@example.org,286-234-6795x917,2025-02-06
545,Robert Wolf,brookstanner@example.com,957.247.5806x4671,2024-05-04
546,Jessica Byrd,bwilson@example.net,+1-226-862-1139,2023-12-15
547,Jared Clark,fisherkurt@example.net,246-514-1444x5041,2024-09-29
548,Angela Ortiz,cathysantiago@example.org,(793)731-3027,2024-09-14
549,Charles Freeman,kcrawford@example.org,(681)789-4109x5198,2023-11-08
550,Jacqueline Rodriguez,ryanclay@example.net,9118563051,2024-07-21
551,Cathy Blankenship,sharonchandler@example.org,618-698-5673,2024-08-11
552,Michael Sanchez,jose61@example.com,+1-917-892-7271x902,2024-01-30
553,David Bird,hthomas@example.org,930-980-6706x4196,2024-03-08
554,Billy Burke,carrollsusan@example.net,(737)390-6158x5710,2025-06-26
555,Jessica Daniels,jennifer60@example.net,+1-270-756-6971,2025-07-07
556,Corey Young,mark28@example.com,+1-430-770-6470,2024-02-15
557,Christina Hayes DVM,hendersonheather@example.com,431.780.9164x0048,2024-05-06
558,Kimberly Bright,tara27@example.org,362-564-3434x68558,2025-06-21
559,Joshua Perez,owashington@example.net,001-672-397-8981x674,2024-03-13
560,Louis Mcfarland,figueroatimothy@example.com,+1-746-701-7937x82813,2024-12-20
561,Tracy Dunn,ortizvalerie@example.org,001-402-300-6780,2024-08-11
562,Alison Simmons,josedillon@example.com,001-967-432-6724x17184,2025-09-21
563,Catherine Morgan,adamsalicia@example.org,829-816-2156x6459,2024-05-10
564,Stephanie Patton,myerscharles@example.net,+1-716-814-6474x143,2025-08-06
565,Robert Brown,knoxgregory@example.net,+1-434-950-6442x0788,2025-01-26
566,Christopher Reed,nvang@example.net,464-857-1713,2025-07-05
567,Timothy Farley,michaelgoodman@example.org,(244)661-3112,2025-07-22
568,Justin Kerr,dawn30@example.net,(464)296-2405,2024-10-01
569,James Alexander,uherrera@example.com,+1-325-535-8201,2024-06-27
570,Elizabeth Bryant,laura42@example.org,(496)910-2792x3001,2024-04-14
571,Zachary Anderson,wcohen@example.net,+1-436-210-5703x53570,2024-01-31
572,Lisa Hernandez,jennifer83@example.com,469-938-7632x34378,2023-12-02
573,Martha Snyder,hineskeith@example.com,(748)740-5286x86062,2024-08-29
574,Jeremy Mccullough,michelle61@example.org,435.962.1780x8285,2024-02-04
575,Andrew Dudley,lisanguyen@example.org,001-649-945-0648x61080,2024-05-20
576,Ashley Medina,aaroncolon@example.net,3019570169,2024-11-24
577,Jeff Brooks,aburns@example.net,8715432024,2025-03-11
578,James Hill,vwalker@example.org,001-778-269-3722x777,2024-05-13
579,Heather Yu,boydkatherine@example.org,5834770262,2024-11-07
580,Luis Roman,victor91@example.net,775-916-7652,2025-07-04
581,Jessica Eaton,shepherdrachel@example.net,859-910-2969x22426,2024-05-16
582,Makayla Wilson,qtaylor@example.net,001-679-922-8459x0952,2023-12-02
583,Jeffery Swanson,eellis@example.com,+1-483-725-1048x690,2024-08-04
584,Anita Bradley,isaiah97@example.net,755-855-1987,2024-05-15
585,Jonathan Cochran,katherinediaz@example.com,(352)515-8821,2025-08-22
586,Cynthia Perry,htaylor@example.com,(695)393-6321x4125,2025-04-16
587,Matthew Meyers,barrettjulian@example.com,362.427.0894,2024-02-02
588,Samuel Donovan,bryantandrew@example.org,+1-575-553-6183,2025-04-06
589,Joy Freeman,mark03@example.com,(950)252-8655x7678,2025-06-18
590,Tony Aguilar,miguelwilliams@example.com,+1-502-329-5559x72830,2024-01-28
591,Larry Boyd,elizabeth86@example.net,+1-635-700-8230x9770,2024-04-04
592,Mark Collins,steven21@example.net,001-695-626-2126x6439,2024-05-23
593,Brian Price,charles87@example.org,577.432.9594x276,2025-07-14
594,Jacqueline Frank,uduffy@example.net,+1-893-993-5076x9970,2025-03-20
595,Joshua Mccoy,lcooper@example.org,(786)734-7469x3868,2023-11-14
596,Clifford Thompson,trevorallen@example.net,843.748.7891x528,2023-10-30
597,Amanda Terrell,yburton@example.com,001-473-786-4466x680,2025-02-07
598,Allison Mueller,millerjulie@example.com,834-632-1756,2024-09-05
599,Teresa Long,nguyenwilliam@example.net,(442)826-6433x0709,2024-08-06
600,Tyler Taylor,stricklandrobert@example.net,(264)329-7452,2024-02-07
601,Amanda Johnson,youngtimothy@example.net,952-712-7497x6225,2025-05-10
602,Melvin Parrish,sherylcasey@example.org,959.767.1075x719,2025-06-17
603,Randy Gonzalez,kimberly56@example.net,(981)281-8312,2025-05-16
604,Bradley Perkins,joshua51@example.net,805.277.5914,2024-10-14
605,Christopher Whitehead,usanders@example.com,677.258.4709x47736,2024-08-01
606,David Nguyen,wlandry@example.org,592-862-8186,2023-11-16
607,Angela Bowen,yolanda92@example.net,893-684-2988,2024-04-14
608,Stephen Wright,grantgibbs@example.com,+1-458-843-0183x920,2023-11-29
609,Theresa Hensley,ufranklin@example.org,(794)694-3700x4933,2024-09-24
610,David Murphy,edwin57@example.net,001-615-933-6328x442,2025-06-23
611,Kenneth Sanchez,nortonbecky@example.org,336-824-0812x751,2025-03-22
612,James Mathews,stevenjones@example.net,707.383.4182x31594,2025-09-20
613,Jill Murillo,maria52@example.com,+1-778-335-5636x585,2023-11-11
614,Tim Lopez,brian59@example.net,+1-713-324-9647x6763,2024-11-05
615,Kristin Jackson,brownblake@example.net,+1-606-713-2001x2414,2025-06-25
616,Michael Cobb,tinaarmstrong@example.net,992-923-5365x593,2023-12-06
617,Yesenia Richards,lindaortiz@example.com,527-675-6051x22274,2025-06-22
618,Ashley Erickson,reyeswilliam@example.net,293.775.4681x130,2025-08-22
619,Jack Stewart,ericksontara@example.org,(903)422-5053x14539,2025-04-08
620,Valerie Wagner,christopher00@example.com,973-450-0214x63289,2023-11-12
621,Mr. Matthew Hodges,adambyrd@example.com,(894)985-1709x797,2025-03-01
622,Natalie Gonzalez,nelsoncrystal@example.net,001-432-977-6712x8906,2024-07-01
623,Jennifer Bailey MD,brownricardo@example.com,205-223-6204x6229,2025-05-03
624,James Russell,jamesburton@example.org,609.656.1381,2025-06-20
625,Amy Byrd,drodriguez@example.net,(369)362-6514x731,2024-02-08
626,Mark Foley,johnsonmichael@example.net,001-478-808-2106x5875,2025-01-18
627,Natalie Patel,csantos@example.net,279.770.9196,2025-01-05
628,Christopher Larson,mallen@example.net,(630)214-5860x8947,2023-10-25
629,Megan Romero,veronicaunderwood@example.org,743.772.2963,2024-06-02
630,Latoya Paul,annjones@example.com,593.473.6468x0654,2025-01-25
631,Fred Alvarado,frazierreginald@example.net,+1-530-399-6624x749,2024-07-19
632,Valerie Rodriguez,adamcarroll@example.org,815-581-8558,2025-04-02
633,Kyle Brown,lgray@example.net,509-892-6828x83262,2025-08-29
634,Samantha Delacruz,autumn35@example.net,+1-889-566-2316x447,2025-03-06
635,Russell Martin,murraythomas@example.com,+1-576-937-8494x97721,2025-02-21
636,Jeremy Odonnell,lisa86@example.net,(826)807-2288x76389,2025-08-11
637,Walter Perez,pmaddox@example.org,(836)286-9741,2023-12-06
638,John Lopez,williamsclaire@example.org,408-298-0644x4848,2025-01-01
639,Ryan Smith,tracey80@example.com,8742719256,2025-04-28
640,Todd Macias,erobertson@example.com,490.816.2673,2025-07-15
641,David James,raymondcarter@example.org,(899)701-7610,2024-01-19
642,Christopher Schwartz,cevans@example.org,600.321.2529x2068,2024-08-29
643,Luis Fox,scottjerry@example.com,5595449293,2024-03-14
644,James Adams,xyoung@example.org,(701)248-9358,2025-03-27
645,Steven Adams,cmora@example.com,+1-799-720-0585,2025-04-16
646,Kimberly Harding,timothy15@example.org,(673)982-1110x49802,2023-10-18
647,Christine Jackson,natalie39@example.com,+1-307-384-6315x3684,2024-09-10
648,Judy Clayton,frank88@example.org,(837)701-6246x830,2025-01-31
649,Natalie Brown,kclark@example.org,+1-621-225-1640,2025-08-14
650,Claire Trevino,lnash@example.com,3697731538,2025-01-23
651,Danielle Mitchell,zachary92@example.org,462.836.3303x218,2024-05-13
652,Anthony Phillips,derekterry@example.org,744-872-8325,2025-03-11
653,Susan Rowland,jillian60@example.net,384-977-9518x775,2025-06-04
654,Melissa Joseph,wrightdavid@example.net,(415)987-4208x68607,2025-07-01
655,Jamie Pope,amartinez@example.com,804-523-4211,2024-07-06
656,Mr. Steven Kennedy,clarkdonna@example.com,776-771-8610x408,2023-12-04
657,Ernest Finley,ihoward@example.net,+1-830-912-2475x655,2024-05-08
658,Richard Hernandez PhD,wendy45@example.com,001-706-359-9785x342,2024-06-27
659,Sarah Moore,anthonywilkerson@example.org,9379653375,2024-07-10
660,Katherine Garcia,ryanmarshall@example.com,001-801-912-0051x565,2024-03-05
661,William Chang,wpeterson@example.com,001-390-797-2209x075,2024-07-19
662,Paul Vazquez,laura34@example.org,001-989-380-6468,2024-06-09
663,Brandon Horton,leclinton@example.com,(607)962-8633x9277,2025-08-29
664,Christopher Anderson,maurice57@example.net,+1-365-207-6565x7476,2024-04-15
665,Denise Henry,qolson@example.com,292.583.7438,2023-12-12
666,Tyrone Hayden DDS,marshallsheila@example.org,(305)211-9661x76335,2024-03-09
667,Jessica Taylor,ericlopez@example.net,001-562-673-1383x270,2025-04-21
668,Jeffery Smith,williamszachary@example.net,368.653.8681,2024-05-28
669,Mark Rogers,matthew36@example.net,560-440-8598,2024-09-19
670,Joel Williams,nelsonlinda@example.org,001-322-446-4837x92158,2024-04-23
671,Shannon Stout,eric62@example.org,864-493-1771x661,2025-02-09
672,Kimberly Fisher,mclaughlintiffany@example.com,(291)272-7821,2024-02-23
673,Jose Rivera,whitneyparker@example.com,+1-836-524-4545,2024-11-04
674,Connie King,harperjason@example.com,454-482-5752x66974,2025-02-27
675,Jennifer Dodson,shannonhart@example.net,875-247-4085,2025-01-22
676,Dalton Lee,griffithmelanie@example.com,+1-746-514-5276x9331,2024-01-26
677,Kim Andrews,dixonwanda@example.com,459-954-0883,2024-03-28
678,Christina Washington,brianwhite@example.com,+1-239-550-8286,2025-02-26
679,Ashley White,stephen73@example.org,+1-486-424-1488x6485,2025-03-12
680,Heather Moore,michaelharper@example.net,(476)573-4894,2024-10-28
681,Michael Brown,catherine72@example.org,563-623-6332x67513,2025-01-29
682,Miss Marilyn Smith,rileyedward@example.net,(803)707-5203x20607,2024-11-05
683,Keith Sanchez,towens@example.com,+1-290-836-2511x454,2024-03-14
684,Joshua Davis,jeremysanchez@example.com,301-996-6496,2023-11-12
685,Mark Garza,moorealyssa@example.com,239.787.0541x63360,2024-07-11
686,Rose Robinson,kenneth20@example.org,+1-588-329-4135x642,2023-10-19
687,Tina Stokes,rachaeldean@example.com,(226)536-3997x91242,2024-02-27
688,Michele Watson,catherine27@example.com,+1-219-434-0249x9519,2023-12-07
689,Richard Grant,kurtbenson@example.com,488-542-4530x342,2024-09-22
690,Destiny Harris,danamartinez@example.com,+1-393-281-6311,2024-09-23
691,Mary Johnson,jasminetaylor@example.org,(968)876-0792x444,2025-06-26
692,Calvin Miller,cmullins@example.org,(390)285-6370x43294,2025-02-28
693,Casey Mcintyre,brian43@example.net,(369)791-4390,2023-12-05
694,Suzanne Lowe,michaelcaldwell@example.org,+1-714-883-9347x5659,2025-06-22
695,Andrew Johnson,cconway@example.com,416.773.5526,2024-02-14
696,Zachary Miranda,christopher02@example.net,223-970-7912x8984,2024-11-11
697,Michael Landry,douglasgonzalez@example.org,7688122047,2024-04-28
698,Stephen Taylor,jorge85@example.net,805.397.2257x3051,2024-08-10
699,Kevin Marsh,nelsondaniel@example.net,001-947-635-6168x214,2024-11-18
700,Sheryl Mora,cartermark@example.com,222.957.5071x68549,2024-08-27
701,Lisa Hernandez,heidi71@example.net,883.455.7064,2025-09-27
702,Sherry Morales,jsmith@example.org,471.511.4729,2024-11-28
703,Tracy Bird,hfrederick@example.org,(826)514-5437x5094,2023-10-31
704,Gina Daniel,woodjoseph@example.com,+1-616-383-4619x8626,2025-04-17
705,Erin Anderson,alisonwilliams@example.com,001-738-276-3995,2023-11-15
706,William Cole,fballard@example.net,393.679.3186x5614,2024-01-08
707,Meagan Roman,ryan16@example.org,+1-532-736-3300,2024-02-02
708,Corey Butler,peterjohnson@example.org,(514)353-5707x64802,2024-03-18
709,Dr. Jasmine Shelton MD,debra31@example.com,664.351.3836x376,2025-05-11
710,Maria Gutierrez,diana18@example.net,+1-520-867-5755x23437,2023-10-07
711,Jimmy Baker,antonioromero@example.net,720.778.2812x36252,2023-10-05
712,Cindy Perez,jacquelinepeters@example.org,+1-443-202-3499x5586,2024-11-05
713,Brian Ward,seandickson@example.net,+1-588-784-0927,2025-07-17
714,Michael Kaiser,derek06@example.net,+1-986-294-6733,2025-08-18
715,Jeremy Obrien,john63@example.com,359.909.1143x463,2023-12-20
716,Nathaniel Walls,reyesjill@example.net,(279)402-2177x423,2025-01-21
717,Kimberly Henson,jennifer74@example.net,926.614.8323x1446,2025-08-21
718,Crystal Smith,wilkinsjerry@example.com,001-688-656-5871x09608,2023-11-28
719,Tamara Yang,munozsarah@example.com,255.252.7540x566,2024-03-29
720,Juan Ruiz,susan76@example.net,(319)538-6558x13927,2024-08-23
721,Christopher Good,ruth97@example.com,2557751281,2024-05-05
722,Leslie Neal,kayla99@example.org,+1-496-574-3812x97574,2024-05-05
723,Becky French,dawn53@example.net,563-814-0450x527,2025-09-22
724,Shawn Underwood,vincentperkins@example.com,979-338-8742x686,2024-03-14
725,Jacob Williams,kimberlywiley@example.com,9386019062,2024-07-02
726,Jennifer Murray,qlivingston@example.org,001-476-940-3352x93678,2025-05-09
727,Angel Cohen,kenneth46@example.net,+1-965-583-6007x69264,2024-11-07
728,Steve Jackson,tannertaylor@example.net,001-538-642-1778,2024-12-04
729,Mary Chapman,dickersonanthony@example.org,379-273-5942x13713,2024-05-20
730,Steven Carney,dtran@example.net,476-221-9518,2025-02-10
731,Barbara Cox,heather81@example.net,001-751-430-0820,2025-01-18
732,Jordan Gutierrez,dennis05@example.org,+1-723-672-2552x2701,2023-10-24
733,Kayla Rollins,nancyhamilton@example.com,653-352-9228,2025-01-08
734,Michael Becker,fprice@example.net,315.240.2822x131,2024-10-01
735,Connie Fernandez,justin96@example.net,001-925-446-6322x889,2025-09-06
736,Darryl Wallace,brian97@example.org,575.402.3450x2231,2025-02-10
737,Jimmy Travis,michaelburton@example.com,900.338.9128,2025-03-12
738,Robin Price,jonesjasmine@example.net,+1-209-967-0792,2024-09-30
739,Tamara Mccoy,wrichards@example.org,844.841.3369,2024-02-05
740,John Duran,opage@example.com,(380)718-4934x2903,2025-05-22
741,Robert Davis,melissa73@example.net,909.544.8603,2024-03-27
742,William Brown,markwolf@example.org,+1-499-598-7265x6739,2025-02-24
743,Courtney Strong,wanderson@example.com,777.993.0315x15255,2024-08-16
744,Mia Barnes,mckenziebrown@example.net,432-383-1905x91527,2024-10-09
745,Brandon Shepherd,perkinsstephen@example.com,443-944-1407,2024-02-07
746,Andre Baker,isolis@example.net,(754)314-6953,2025-09-21
747,Michelle Jacobson,adammills@example.org,+1-829-852-1110x2265,2024-06-01
748,Craig Hoffman,denise44@example.net,365.353.1004x3846,2024-12-28
749,Holly Martin,rmccall@example.com,617.484.9421,2025-08-17
750,Amanda Cortez,phillipmitchell@example.org,+1-243-513-5347x7022,2024-01-10
751,Kristen Williams,josephkramer@example.net,+1-878-923-1306x191,2025-05-08
752,Tracy Mitchell,ksosa@example.org,+1-489-220-8333x8865,2024-04-20
753,Kimberly Maldonado,williamsonjacob@example.net,270.280.3919,2025-02-26
754,Kelsey Cox,brownthomas@example.org,5306629714,2024-02-04
755,Jennifer Torres MD,davisjon@example.com,001-503-458-9386x54952,2024-02-16
756,Timothy Smith,jaredabbott@example.net,985.737.4784x94678,2024-12-06
757,Margaret Henderson,davisrichard@example.net,456-487-0650x58975,2025-01-11
758,Lisa Boyd,xharris@example.org,213.794.4467,2024-07-24
759,Lisa Austin,jamesadams@example.org,934-569-4468,2024-04-25
760,Randall Adams,williamsjeffrey@example.net,(903)731-7094x71482,2024-05-29
761,Walter Murphy,kimberlyyoung@example.org,001-559-644-7925x02138,2024-03-31
762,Elizabeth Rodriguez,bernardpaige@example.org,966-785-9718,2023-10-13
763,Jessica Gray,gambleamanda@example.org,(448)526-3516x1532,2025-06-08
764,Emily Pearson DDS,donna49@example.org,(465)918-1793x708,2025-02-03
765,Monica Shaffer,adriana68@example.net,(389)737-2432,2024-10-14
766,Billy Lee,hannah82@example.net,001-258-980-4833x18104,2025-08-30
767,Jennifer Spencer,davismichael@example.com,+1-206-526-4723x39011,2025-03-17
768,Angela Gillespie,adam46@example.net,+1-784-379-0872x942,2024-06-25
769,Nicholas Johnson,mortonrita@example.net,(454)944-8921,2023-10-12
770,Matthew Young,danderson@example.com,905.623.5881x7041,2025-08-16
771,Heather Williams,nhill@example.com,625.684.5563x040,2024-12-03
772,Eric Knapp,davidhernandez@example.com,+1-837-965-9169x890,2024-06-09
773,Tanya Gray,gcuevas@example.net,8032358976,2025-09-11
774,Paul Schmitt,kingoscar@example.com,806-569-1311x1228,2025-02-17
775,Justin Leon,crodriguez@example.net,8338499684,2025-06-17
776,Patrick Mann,charrington@example.com,213.925.2951x9898,2024-05-21
777,Jane Adams,randolphtyler@example.org,323-474-7382x583,2024-12-21
778,Chad Smith,brendapacheco@example.org,(885)710-9710x92477,2024-03-08
779,Brian Ayers,melvinlee@example.org,735-911-9479x9079,2024-10-20
780,Leonard Rowe,brent85@example.org,663.658.4047,2025-07-30
781,Melissa Robinson,jeromehenderson@example.org,335-261-7713x0707,2024-08-13
782,Anthony Kelley,newmanmelanie@example.org,671.412.8819,2024-12-16
783,Denise Good,sloanmargaret@example.net,+1-665-322-5613x31271,2024-05-17
784,Jeremy Jones,michael81@example.org,+1-380-911-0404x15678,2024-11-22
785,Kevin Tran,cochranjohn@example.net,604-336-4065,2025-07-13
786,Rodney Montgomery,stephaniewalker@example.net,221-532-5678,2025-03-21
787,Micheal Rose,diane06@example.org,826-876-1190x025,2024-06-18
788,Jose Parsons,cooklisa@example.com,(888)924-6551x71899,2024-11-16
789,Kenneth Brown,bookerkimberly@example.org,+1-380-453-2746x7505,2024-10-29
790,Debra Smith,smithnicholas@example.net,525.474.2310x928,2023-10-29
791,David Harrison,curtis25@example.net,(741)455-9356x8423,2023-11-02
792,Mrs. Elizabeth Newman DVM,brooksryan@example.com,(310)445-1737x985,2025-03-28
793,Rose Garrison,lflores@example.com,(484)479-7722x82901,2025-03-30
794,Robert Ayala,tammymartin@example.net,(313)575-6687,2024-10-24
795,Kimberly Anderson,suzanne27@example.org,+1-971-988-0845x76954,2024-03-29
796,Meagan Anderson,daviddeanna@example.com,(381)232-5966,2025-05-22
797,Michael Smith,amanda04@example.net,001-397-987-7118x3719,2024-04-16
798,Rhonda Taylor,sduran@example.net,507.513.3774,2024-10-06
799,Dr. Sheryl Cochran,kevin55@example.com,+1-790-471-5254x1492,2024-09-30
800,Christopher Rodriguez,kevin18@example.com,(291)603-9656,2025-06-17
801,Erica Perkins,rdavid@example.org,(976)278-2095,2024-09-17
802,William Stanley,paulazimmerman@example.com,(697)409-5625x4048,2024-11-20
803,Taylor Dixon,hensondaisy@example.com,(977)299-6476x777,2024-01-02
804,Alexandra Harvey,kenglish@example.org,(772)261-4635x3156,2024-11-24
805,Christopher Weaver,kimberly06@example.net,+1-511-297-1505x685,2025-03-30
806,Joshua Garcia,simsvanessa@example.com,895.694.0290,2025-08-05
807,Adam Mendez,timothyross@example.com,586-250-7882x77654,2024-10-07
808,Nichole Davis,william18@example.com,879.588.0890,2024-07-28
809,Brianna Ali,pruittashley@example.net,001-617-498-5774x8086,2024-04-24
810,Megan Spencer,hbutler@example.net,3928459781,2025-03-12
811,Darryl Reese,vincentmurphy@example.net,564.748.6019x31425,2024-06-17
812,David Brown,mvaldez@example.org,+1-284-399-9528x375,2025-01-01
813,Seth Davidson,christopherfernandez@example.com,852.450.9474,2024-10-29
814,Joseph Lopez,isabella05@example.org,001-493-867-0370x3367,2023-12-14
815,Andrea Perkins,tyler68@example.net,235.583.4386x7787,2025-07-14
816,Shannon Henson,doneal@example.com,+1-668-789-4558x99046,2025-02-17
817,Aaron Strickland,katrinamcneil@example.com,001-511-771-5718x920,2024-07-12
818,Jennifer Sullivan,robinlowery@example.org,+1-962-918-8909x825,2024-07-26
819,Kevin Byrd,wfisher@example.net,001-804-870-0478,2025-05-29
820,Brenda Aguilar,emilysmith@example.com,(652)725-6519,2025-09-14
821,Andres Johnson,lisa64@example.org,+1-257-310-5233x396,2024-03-25
822,Gabrielle Oneal,ppayne@example.com,001-264-983-4868x166,2024-12-14
823,Ashley Bridges,amanda02@example.net,+1-798-963-8261x2960,2025-07-31
824,Lisa Jackson,valerie75@example.net,(914)742-6339,2023-12-10
825,Daniel Robinson,cooperkimberly@example.com,937-408-6866,2024-02-25
826,Juan Knight,christopherwalsh@example.net,935.748.6500x4291,2025-07-14
827,Daniel Lynch,ellenanderson@example.com,001-331-683-9876x318,2025-06-27
828,Daniel Walker,rpatton@example.com,218-593-0877x82637,2025-06-26
829,Nicholas Bird,preeves@example.net,941-284-9065x4097,2025-01-18
830,Jackson Ward,codyjacobson@example.net,+1-289-855-2726,2024-10-19
831,Brandon Weaver,figueroaandrew@example.org,774.969.2790,2025-02-19
832,Walter Ortiz,fernandezjoseph@example.com,(538)656-1853,2025-08-18
833,Walter Cooper,robinsonjohn@example.com,001-259-620-4671x868,2024-08-11
834,Mr. James Willis,rgoodman@example.com,752.976.5717x650,2025-02-10
835,Tammy Hall,brandontaylor@example.com,457.444.9581x4220,2024-01-26
836,Frank Adams,samuelhall@example.com,+1-975-297-7893x50730,2024-08-18
837,Christopher Villegas,jasonhoward@example.net,8924535909,2025-09-26
838,Shelby Tate,teresa97@example.org,702.769.0614x736,2023-12-05
839,Daniel Williams,jessicathomas@example.net,228-318-0769,2025-09-20
840,Brandi Villarreal,lance68@example.net,930-614-9467x668,2024-08-10
841,Amanda Donovan,burgessryan@example.com,001-641-663-7680x72765,2024-06-03
842,Benjamin Bowen,margaretbernard@example.net,215-771-9199x04219,2024-03-20
843,Gary Watson,tiffany73@example.org,292.675.0365,2024-04-12
844,William Jackson,ojohnson@example.com,6613802969,2024-04-27
845,Rebecca Mercado,bradytracy@example.org,829.489.3388x8609,2024-06-01
846,Steven Snow,justin28@example.net,001-716-642-3489x082,2025-05-05
847,Jonathan Bryan,phenry@example.net,364.322.7705x8268,2025-03-29
848,Shannon Payne,michellejohnson@example.com,(663)662-9334x36804,2024-09-30
849,Bailey Burnett,nicole48@example.org,783.598.1439x6597,2025-09-07
850,Felicia Navarro,nathanharrison@example.org,+1-547-603-4605x06405,2023-12-13
851,Justin Davis,vrussell@example.com,643.283.3993,2024-05-08
852,Kimberly Conner,lee88@example.net,001-226-700-6889x994,2025-08-26
853,Sharon Martinez,aalvarez@example.net,767-698-4401x827,2024-06-28
854,Cathy Burnett,ethan47@example.net,461.313.5181x3779,2024-01-28
855,Becky Sosa,velezcolleen@example.com,001-268-805-4315x4008,2024-03-05
856,Larry Perez,jeffreythornton@example.net,(561)316-3529,2023-10-19
857,Kimberly Green,npeterson@example.org,3515944042,2025-04-28
858,Ryan Greene,robertsjulia@example.com,001-923-382-2953x3709,2025-07-31
859,Donald Wilson,nicholasbarnes@example.com,288.568.2330x4301,2025-02-22
860,Julie Cook,gfoster@example.com,001-974-963-9941x1693,2025-09-10
861,Jack Miles,hawkinsbrandon@example.com,5453579827,2024-09-25
862,Brian Jackson,jasmine61@example.com,001-949-407-8623x788,2024-05-04
863,Adam Wolfe,avilajennifer@example.org,367-559-0161,2024-08-01
864,Miss Laura Peterson DVM,joshuamoreno@example.org,001-608-653-1537,2024-07-25
865,Robert Price,ballardlee@example.org,+1-711-349-0330x20293,2023-11-12
866,Natasha Swanson,scottmichele@example.net,422-898-2272,2025-01-09
867,Elizabeth Hardin,gina02@example.net,806.617.2795x879,2025-08-18
868,Cody Bradshaw DDS,jamiebrown@example.com,9478917088,2025-08-05
869,Randy Stone,gene84@example.org,(352)955-4697x11712,2025-07-28
870,Taylor Jackson,scuevas@example.net,(778)976-3736,2024-08-02
871,Julie Johnson,smithmatthew@example.com,551-538-8642x5116,2025-07-26
872,Anthony Edwards,fdavidson@example.net,001-333-380-2972x3890,2025-05-25
873,Kimberly Smith,moranrichard@example.net,3963433072,2023-10-21
874,Samantha Lee,paige74@example.org,+1-616-973-5281x479,2025-06-05
875,Timothy Banks,michael34@example.net,722-856-1908x2613,2024-11-22
876,Patricia Pace,tuckerjohn@example.net,294-931-1022,2025-03-01
877,David Oliver,annhamilton@example.com,564-228-7070x53330,2025-09-03
878,April Kirk,hwhite@example.org,001-377-674-7321,2024-12-08
879,James Baker,travisbooker@example.org,(778)477-8727,2024-11-06
880,Kristen Brooks,mary45@example.net,651-649-9814x202,2024-10-27
881,Mary Cox,dianelewis@example.com,001-865-934-3874x7767,2025-02-27
882,Jessica Johnson,sandra04@example.org,(486)987-5700x0762,2025-01-31
883,Kathy Monroe,james79@example.net,679-967-4829x1941,2024-02-01
884,Sabrina Buchanan,knoxbenjamin@example.org,001-501-913-3489x847,2025-08-26
885,Hannah Hall,nicole96@example.org,686.410.2984x77776,2023-12-06
886,Justin Burke,joann46@example.org,(742)658-0812x4989,2023-11-03
887,David Cruz,carol57@example.com,672.990.1256x7876,2023-10-14
888,Michael Snyder,robert26@example.net,6712415359,2024-01-04
889,Raymond Collins,anne62@example.com,(580)951-8830x65751,2024-02-16
890,Brian Wilson,zdoyle@example.org,(664)748-1915x8180,2024-08-13
891,Brian Vance,cenglish@example.net,217.365.7451,2024-05-22
892,Thomas Woodward,zlynch@example.org,416-258-9341x429,2024-04-20
893,Sean Brown,lsanchez@example.com,2036546049,2025-01-23
894,Mr. William Dean MD,michael85@example.net,(573)739-2374,2024-09-26
895,Stephen Elliott,jessica77@example.net,686-442-8449x0558,2024-10-28
896,Dr. Beth Byrd,jennifer68@example.com,001-668-341-6666x816,2025-09-16
897,Sarah Baker,barry79@example.net,+1-522-737-2905,2025-02-02
898,Jennifer Li,eharris@example.com,001-356-655-7108,2025-06-04
899,Thomas Patel,dennis20@example.org,469.509.6726,2024-07-14
900,Timothy Herring,sharoncalhoun@example.com,001-229-963-3133x5011,2025-06-26
901,Joshua Lewis,emills@example.com,(267)393-2148x24050,2025-07-02
902,Thomas Perez,zpowell@example.org,841-380-2771,2023-12-11
903,Tracy Scott,adamscarrie@example.org,679.608.1040x7612,2025-07-07
904,Ashley Long,clarkkristina@example.org,+1-990-525-9436x6337,2024-11-18
905,Mark Montoya,garciaterri@example.com,5192482392,2025-02-28
906,Tonya Schmidt,wjames@example.net,(293)383-1434x1287,2024-01-19
907,Steven Monroe,jacobschmidt@example.com,8599776469,2024-04-16
908,Emily Wang,klinejohn@example.net,782-432-8021,2023-11-11
909,Jeffery Moyer,qhiggins@example.net,872-233-2404x486,2025-02-21
910,Melissa Bolton,holly81@example.com,205-208-9234x019,2025-03-23
911,Mr. Michael Lucas DDS,samuelrivera@example.net,(473)471-4023x33200,2024-03-12
912,Stephanie Mckinney,amanda65@example.org,295-958-8707x211,2025-06-01
913,Jasmine Valencia,linda31@example.org,(773)964-4339x497,2025-06-13
914,Sean Davis,martinezjonathan@example.net,+1-663-285-7011x87084,2024-06-30
915,Anthony Harmon,yharrell@example.org,(900)862-9548,2024-03-03
916,Kimberly Carrillo,kimberly11@example.com,436-827-7345x3554,2024-09-10
917,Alan Stone,gabrielleparks@example.org,+1-984-354-9712,2024-04-17
918,Rebecca Cain,reneemorrow@example.net,001-233-784-1074x303,2024-12-11
919,Scott Henry,jacob69@example.com,240.253.1723,2025-07-29
920,Ryan Peterson,keithburton@example.org,688-301-4247,2025-04-16
921,Christopher Foley,nathaniel99@example.org,(715)290-2580x284,2025-05-23
922,Gary Torres,deannanelson@example.net,5132269444,2025-05-15
923,Sandra Adams,lwalker@example.net,(444)911-8099,2025-06-02
924,Jeremy Hernandez,angela67@example.org,683.704.3399,2024-07-06
925,Marc Stewart,brownmatthew@example.org,709-201-1852x326,2024-06-26
926,Barbara Harris,brownjames@example.org,+1-945-587-1570x397,2025-04-08
927,Amanda Perry,phart@example.com,+1-831-433-7991x05675,2024-08-08
928,Barry Hanson,johnsonshelia@example.net,(918)487-9053x3169,2025-07-04
929,Joyce Sanders,thompsoncarolyn@example.org,587-991-5238x50851,2024-06-17
930,Paul Davis,carterjames@example.net,416.213.4903,2024-12-04
931,Steven Anderson,kimhill@example.com,699-876-9573,2024-12-10
932,Kimberly Thompson,daniellelopez@example.org,459.741.3348x9623,2024-09-29
933,Julia Klein,sara13@example.com,3505436156,2024-04-08
934,Lisa Mendoza,smithjeffrey@example.net,7598551416,2025-04-07
935,Latoya Coleman,donna87@example.net,8029434317,2025-03-14
936,Audrey Gonzalez,smoore@example.org,235.362.1339x58155,2024-05-25
937,Shawn Soto,valerie77@example.net,770.600.9914x892,2024-08-30
938,Melissa Griffin,wrightwilliam@example.net,745.889.6043x61054,2025-09-21
939,James Hood,jonesdouglas@example.net,001-632-319-0855x742,2025-02-17
940,Edward Jones,alan39@example.org,9278167224,2025-04-05
941,Michelle Farmer,sherri86@example.net,+1-534-584-9654x26996,2025-03-30
942,Taylor Bradley,michaelfoster@example.net,588.591.4294x1180,2025-06-05
943,Jill Smith,omcdaniel@example.com,+1-394-695-8491x42091,2024-01-15
944,Joshua Vasquez,margaretboyer@example.net,623.769.8958x5180,2024-08-03
945,Patrick Cooper,richard39@example.org,001-429-789-4255x953,2024-12-16
946,Marcus Tucker,uolsen@example.org,625.873.7318x2550,2024-07-04
947,Samantha Dixon,brianabarnes@example.net,591-224-8345x83673,2024-11-09
948,Robert Humphrey,ambercollins@example.com,5406536597,2024-09-23
949,Jesse Johnson,ireeves@example.net,5877612771,2024-01-09
950,Paul Vazquez,larajennifer@example.org,281-786-8556x6025,2024-06-19
951,Eric Gray,hendersongeoffrey@example.net,+1-335-611-7869x10434,2025-01-19
952,Robert Tran,sherrijohnson@example.net,990.985.9197x6010,2024-11-19
953,Larry Richards,kathleen82@example.com,(438)804-0778x593,2024-08-05
954,Stacy Brewer,davidboyer@example.net,+1-223-224-5358x9917,2024-04-22
955,Ronald Maldonado,robert50@example.com,(503)242-6928x9012,2024-08-18
956,Edward Gilbert,harrissarah@example.com,510.902.7142x67270,2024-01-18
957,Jared Mitchell,michael14@example.com,836.352.8309x8198,2025-01-06
958,Kimberly Brooks,charles63@example.com,777-425-0370x355,2024-11-22
959,Julie Blackburn,joseph54@example.org,360.510.7586x16824,2025-05-09
960,Christopher Ramirez,meaganhurst@example.com,346.917.4459x251,2024-10-08
961,Michael Gutierrez,megan16@example.org,619-269-0098x39470,2025-06-01
962,John Johnson,anthonyreyes@example.com,508.979.3732x04223,2024-12-27
963,Kimberly Hoover,cindy48@example.net,924.556.0151x98643,2024-02-21
964,Destiny Bailey,logan74@example.org,(944)547-9093,2025-08-03
965,Elizabeth Arnold,juan86@example.org,(996)210-3352x081,2025-03-05
966,Stephanie Evans,hernandezmonica@example.org,(739)829-3358x11360,2024-03-14
967,Christopher Herrera,uboyd@example.com,(833)573-3907,2025-03-09
968,Tara Richardson,michael92@example.org,001-424-396-4424,2023-11-18
969,Jonathan Bowman,paula88@example.org,293-709-1453x87905,2023-10-23
970,Christopher Ramirez,kharris@example.com,+1-999-285-8063x0277,2025-08-21
971,Sandra Bennett,alexis98@example.org,(740)346-2670x18341,2025-09-06
972,Scott Roberts,lindaanderson@example.org,2275791434,2025-03-25
973,Robert Grant,danathomas@example.com,2962244920,2025-01-13
974,Stacey Carlson,ojefferson@example.com,001-708-811-8171x30814,2024-04-09
975,Rose Hall,oneillarthur@example.net,598.899.3081x36115,2025-04-20
976,Donna Ayers,adamwilliams@example.com,(711)354-9966x159,2024-08-25
977,Ricardo Brown,carla71@example.org,+1-364-896-9303x7569,2025-03-10
978,Isaiah Reilly,williamskaitlyn@example.com,711-603-4161,2024-09-14
979,Norma Bolton,htorres@example.com,001-408-603-6871x909,2025-06-15
980,Alejandra Moore,martinjillian@example.com,001-968-257-7483x41715,2023-10-22
981,Jeffrey Franklin,amandabonilla@example.net,+1-898-642-7069x6545,2025-01-07
982,Brandon Byrd,jacobmartinez@example.org,481-939-9775x63878,2024-09-13
983,Matthew Peterson,carlosgomez@example.org,702-706-1316x263,2024-01-29
984,Vincent Peck,salinasconnor@example.org,387.242.7774,2025-04-08
985,Ashley Roberts,mercadocatherine@example.net,(588)423-5061x643,2025-04-27
986,Amy Ferguson,cassandra45@example.org,(799)699-7948x54556,2023-11-04
987,Brenda Mason,laura21@example.org,001-557-782-4811x4676,2025-06-01
988,Danielle Brown,cortezmatthew@example.org,986.603.4574x002,2025-05-15
989,Ryan Garcia,stacygonzalez@example.org,(730)461-2854x89297,2025-08-12
990,Lisa Clark,melissawoods@example.com,564-318-1115,2024-04-11
991,Tami Hernandez,gibsonroger@example.com,+1-932-598-4569x5919,2024-07-20
992,Bill Perez,jenniferbennett@example.org,+1-436-539-1460,2025-02-28
993,Mary Jones,itorres@example.net,+1-947-623-8962,2025-06-01
994,Steven Collins,carrollkevin@example.org,771-336-5799x514,2024-07-04
995,Meghan Reynolds,michael03@example.net,852.241.6069,2025-01-18
996,Samantha Randolph,nhamilton@example.net,(637)991-8017x134,2025-02-09
997,James Garrett,dtaylor@example.net,(977)255-5102,2024-04-13
998,Pamela Mcdowell,ayalasarah@example.com,001-345-812-7638x5381,2024-03-14
999,Gina Anderson,janet85@example.net,5185300098,2025-01-17
1000,Evelyn Bates,madison71@example.com,339.351.3696,2025-05-11
